"Zone","Mosque ID","Mosque Name","Treatment Name","Mosque Name on Ground","Imam Name","Mosque Built Date","Shrine Name","Women’s prayer section","Rural = 1 / Urban = 2","WhatsApp Location","Latitude","Longitude","Closest Mosque (WhatsApp Location)","Closest Mosque (Latitude)","Closest Mosque (Longitude)","Photo (Inside)","Photo (Outside)","Comments"
"Lahore","slyiw","Jamia Masjid Main Bazar Kahchu Pura Lahore","Women Religious Info Share","Jamia Masjid Main Bazar Kahchu Pura Lahore","Moulana mukhtar siyalvi","1930.0","","","2.0","https://maps.google.com/maps?q=31.5856453%2C74.3374512&z=17&hl=en","31.58565","74.33745","","","","https://drive.google.com/open?id=1H_ZIx3dj6t3cXMIKqKVv98wg_JODhDjw","https://drive.google.com/open?id=17aeyAKYo66IfHcBCBPMOquVG8-Woe81l",""
"Lahore","avbgy","Jamia Masjid Bilal Mesri Shah Lahore","Community Religious Info Share","Jamia Masjid Bilal Nawab Colony Misri Shah","Mufti moulana Muhammad qamar Nadeem","1971.0","","","2.0","https://maps.app.goo.gl/oa993sUtC2BtQQUd7","31.56854","74.31941","","","","https://drive.google.com/file/d/122tUmXEUg4ddWb1l0dkKc6hEEen6owgu/view","https://drive.google.com/open?id=1lmaZTHQKhaT8-MxvQt-NjUCEsFSmbSKm",""
"Lahore","mfrop","Jamia Masjid Hanfiya Farookia Khrishan Nagar Lahore","Control","Jamia Masjid Hanfiya Farookia Khrishan Nagar Lahore","Kashif jameel","1955.0","","","2.0","https://maps.google.com/maps?q=31.5647601%2C74.2908442&z=17&hl=en","31.5647601","74.2908442","","","","https://drive.google.com/open?id=16pXnPiIhPDOjIXHQgtSGsllNsEtkI-UJ, https://drive.google.com/open?id=1KqrgEW38ov6jOaeZRTOZuTI_3F181xQS","https://drive.google.com/open?id=1mxHwUZux-dFQTkRcUIazA3xQSeXRtqPg",""
"Lahore","pwwfr","Jamia Masjid Aali Nooh Coat Lahore","Community Religious No Info Share","Jamia masjid Aali","Mufti Allah Nawaz","1951.0","","","2.0","https://maps.google.com/maps?q=31.504318%2C74.2550115&z=17&hl=en","31.504318","74.2550115","","","","https://drive.google.com/file/d/1ov-sXGP8FxUARhrVpz8NShnkciaAukYP/view","https://drive.google.com/open?id=1Q8r1mY4OGi1vN3XRKZaVPlDUdDRaNVv5",""
"Lahore","ogwwf","Jamia Masjid Hanfiya Muslim Ganj Kahchu Pura Lahore","Women Secular Info Share","Jamia Masjid Hanfiya Muslim Gunj Kahchu Pura","Qari idrees","1940.0","","","2.0","https://maps.google.com/maps?q=31.5842233%2C74.3376036&z=17&hl=en","31.58422","74.3376","","","","https://drive.google.com/open?id=1Jj1xZFyCp2OSZ0NNv2fuhv4t5-2ZIRc9","https://drive.google.com/open?id=1GqC_iC5CjQYKHebfX_WziXQXrM9TMHPm",""
"Lahore","lcwok","Jamia Masjid Madina Township Lahore","Control","Jamia masjid Madina","Maulana Syed iftkhar","1982.0","","","2.0","https://maps.google.com/maps?q=31.4619799%2C74.3099538&z=17&hl=en","31.46198","74.30995","","","","https://drive.google.com/open?id=1N3FML6AKuFiNMOLTCwwsdHmr_-I4CF38","https://drive.google.com/open?id=1cgfqUDFBKjMELy30jAEWBRGL1I8aaUiQ",""
"Lahore","xmebi","Jamia Masjid Molve Taaaj Deen Lahore","Control","Jamia Masjid Molve taaj Deen Lahore","Qari Ziaullah","1945.0","","","2.0","https://maps.google.com/maps?q=31.5607%2C74.3604519&z=17&hl=en","31.5607","74.36045","","","","https://drive.google.com/open?id=1IF0hpL4hE4msbeUIC9CzXRpNZYKuFZov","https://drive.google.com/open?id=176HZkSVZyrk50mDt5YIhUpqhJ7iJD1ch",""
"Lahore","jypnp","Jamia Masjid Shiekh Sikandar Lahore","Women Secular Info Share","Jamiea masjid sheikh sikandar","Qari Muhammad imtiaz","1900.0","","","2.0","https://maps.google.com/maps?q=31.5478558%2C74.3761134&z=17&hl=en","31.54786","74.37611","","","","https://drive.google.com/open?id=1bIZ7Wvf2OjQ1xNQs-bU6ICb9Koye1dvq, https://drive.google.com/open?id=1FmKaCliLM_pM3-YSeRH1irY7wyZPoYlA, https://drive.google.com/open?id=1pRRSj7aPSuB4g5ZSrMGWD_g9jOxFZLkt, https://drive.google.com/open?id=1mQ7UMVBJFF5-ljX1_okeEfLO3uIbM8tC, https://drive.google.com/open?id=146dyxcBm0zvm3tYqwzSep_q7QemJ9O7C","https://drive.google.com/open?id=1QQAy0rcgQ4qQ0ywXokEUF3p4U0GAsNph, https://drive.google.com/open?id=1XJHt05f4yVoF9eWqnfblFtorMpTgwE6y, https://drive.google.com/open?id=1a_ObuWi7aUpMPVDGRDVeyR47KFffSrqd",""
"Lahore","vmezu","Jamia Masjid Walton Lahore","Community Secular No Info Share","jamia masjid walton road","Maulana Amjad Ali","","","","2.0","https://maps.google.com/maps?q=31.5709116%2C74.3776771&z=17&hl=en","31.57091","74.37768","","","","https://drive.google.com/open?id=1F0zwMrcJovTlaBBtXlidGnN5AfZTKwQc","https://drive.google.com/file/d/1eaRutIbfjbc5tsIhU6Ciw3K88czzAS5Y/view",""
"Lahore","wfyxg","Jamia Masjid Takiya Hazoori Shah Lahore","Control","Jamya masjid hazore sha","Qari asad","1950.0","Takiya Hazoori Shah","","2.0","https://maps.google.com/maps?q=31.5877677%2C74.345873&z=17&hl=en","31.58777","74.34587","","","","https://drive.google.com/open?id=1CBJuyR2LwoDZmMz6Vx5nuAxyLMQSL2CG","https://drive.google.com/open?id=1zNgHGQZIZmtEo_84SrGOw-b-46PWEcU3",""
"Lahore","rhlwr","Jamia Masjid Shah Shams Qadari Lahore","Women Religious Info Share","Jamia Masjid Shah Shamas Qadri Lahore","Not Found","","","","2.0","https://maps.google.com/maps?q=31.5486526%2C74.3390041&z=17&hl=en","31.54865","74.339","","","","https://drive.google.com/file/d/1q_hWdJJ7QuIznIvLdiHIKX2Dyo6bT9Vc/view","https://drive.google.com/open?id=1N6vrjjKx2UFEieUUvhtePkSsQ-NO4mgu",""
"Lahore","xdhvt","Jamia Masjid Australia Lahore","Community Religious Info Share","Jamia Masjid Australia","Not Found","","","","2.0","https://maps.google.com/maps?q=31.576193%2C74.3336292&z=17&hl=en","31.57619","74.33363","","","","https://drive.google.com/open?id=1xn8RV5tV_K5P2NIWjCkMVYbc8Cdcrt5C","https://drive.google.com/open?id=1goIv0_ci-4qxIt7I7paXMf_Bjb7fePCV",""
"Lahore","fjkfw","Jamia Masjid Shah Ali Rungareez Lahore","Community Secular Info Share","Jaima masjid Ali shah rungareez","Molana rehmat jalil","1890.0","Shah Ali rangrez","","2.0","https://maps.google.com/maps?q=31.5693412%2C74.3370371&z=17&hl=en","31.56934","74.33704","","","","https://drive.google.com/open?id=1Ecqqge_Th-hOWYxVCnSObMeyNKlvkI1K","https://drive.google.com/open?id=13IvzXX7w8wtefWKRPD2SB6k7GqjLkgL-",""
"Lahore","ekvzq","Jamia Masjid Ghangaara Nawali Lahore","Women Religious Info Share","Jamia Masjid Kingrian wali Mozang","Moulana hafeez ur rehman","1890.0","","","2.0","https://maps.google.com/maps?q=31.5586574%2C74.3135574&z=17&hl=en","31.5586574","74.3135574","","","","https://drive.google.com/open?id=1uy6qDWU5appuycefutCYc43w_8FaxnGH","https://drive.google.com/open?id=1Sx20HJD3ulbIKFxPjmy0VYTjn7DEU2oy",""
"Lahore","moorq","Jamia Masjid Takiya Abdul Wahaab Lahore","Control","Jamia Masjid Sakhi Abdul Wahab","Mukhtar Ahmed chisti","1920.0","","","2.0","https://maps.google.com/maps?q=31.5534798%2C74.3125106&z=17&hl=en","31.5534798","74.3125106","","","","https://drive.google.com/open?id=1dQpZB2ZZr7YzzDhQRhiyfJBGYBJYPaoG","https://drive.google.com/open?id=1YV8RvDiS3nOTbKovf2rZtvVoQizGmGtA",""
"Lahore","wywfr","Jamia Masjid Chowk Dalkara Lahore","Women Secular Info Share","Jamia Masjid Chowk Dalkara Lahore","Maulana fayaz Hussain Shah","1974.0","","","2.0","https://maps.google.com/maps?q=31.5755784%2C74.3292907&z=17&hl=en","31.57558","74.32929","","","","https://drive.google.com/open?id=16dWKNJGmt8AGL7fEnGIN71_I-eGYDPAH","https://drive.google.com/open?id=1nDBlAkLDGzuDR3ZekNzPwNjQDq4CqNER",""
"Lahore","pmeqo","Jamia Masjid Darbar Shah Chiraag Lahore","Control","Jamia Masjid Darbar Shah Chiraag Lahore","Maulana Muhammad Qasim","1995.0","Shah Chiraag","","2.0","https://maps.google.com/maps?q=31.5662015%2C74.3146421&z=17&hl=en","31.5662015","74.3146421","","","","https://drive.google.com/open?id=1YWOoS0DiquUAtmmJ1dliaAlutOygRw0s","https://drive.google.com/open?id=1d1WSb3zzd0ot7FSnh7qTVvRykbsnPH3i",""
"Lahore","njkhf","Jamia Masjid Rasool Shaheya Landa Bazar Lahore","Control","Jamia Masjid Rasool Shaheya Landa Bazar Lahore","Khalil ur Rehman","1900.0","","","2.0","https://maps.google.com/maps?q=31.5877677%2C74.345873&z=17&hl=en","31.58777","74.34587","","","","https://drive.google.com/file/d/1ocmf0DW1NU2yCLmXoADOEttVtbzzNBSt/view?usp=sharing","https://drive.google.com/file/d/1ZE7YlLp-92AV_5ncC3NUeMb-_TkTxTnY/view?usp=sharing",""
"Lahore","hbroz","Jamia Masjid Hanfiya Peer Hakum Shah Lahore","Control","Jamiya masjid hanfiya peer hakum shah","Qari zakir Hussain","1956.0","Peer Hakum shah","","2.0","https://maps.google.com/maps?q=31.5651681%2C74.3229816&z=17&hl=en","31.56517","74.32298","","","","https://drive.google.com/open?id=1znZ-eB3GTnmq6riifjKvjuUCrhGEixSJ","https://drive.google.com/open?id=1Vo1YJV-wa2qMb8zAYI3ljudCLIwhy-hE",""
"Lahore","zqlfc","Jamia Masjid Muslim Luhari Gate Lahore","Control","Jamia Masjid Muslim Luhari Gate Lahore","Not Found","","","","2.0","https://maps.google.com/maps?q=31.5767703%2C74.3136464&z=17&hl=en","31.57677","74.31365","","","","https://drive.google.com/open?id=1nOrFDFX0ECaJ3B4pJc-zVMM08bFAmrNd","https://drive.google.com/open?id=1U4cs7QX9XT6TBau0UX1OHsAgEXmT4Hi7",""
"Lahore","ptnjj","Jamia Masjid Gamti Bazar Lahore","Control","Jamia Syedna Abubakar Siddique Gumti Bazar","Hafiz Muhammad Hanif","2010.0","","","2.0","https://maps.google.com/maps?q=31.5822219%2C74.3164097&z=17&hl=en","31.5829","74.30598","","","","https://drive.google.com/open?id=1WmgbYJtNNhnsQ0uTFF72wi-vt0rWT_Y5","https://drive.google.com/open?id=1NN2UYQIiEDPrBhgu7UPa9vEcxT_gcfc-",""
"Lahore","vtoiy","Jamia Masjid Takiya Sain Sardaara Lahore","Community Religious Info Share","Jamia Masjid Takiya Sain Sardaara Lahore","Qari Muhammad Ramzan","1950.0","Takiya Sain Sardaara Darbar","","2.0","https://maps.google.com/maps?q=31.5524641%2C74.3175409&z=17&hl=en","31.5524641","74.3175409","","","","https://drive.google.com/open?id=1OJU-0hIZcS7BvsT0Hs4Z85U2OAszd5aR","https://drive.google.com/file/d/1sF_n_2OyD_wEGOTyLM3jj-IPCKk43z2g/view",""
"Lahore","bpozt","Jamia Masjid Madina Purani Anarkali Lahore","Community Religious No Info Share","Madina masjid purani anarkali","Maulana Nazim Ashraf","2012.0","","","2.0","https://maps.google.com/maps?q=31.5644595%2C74.3106655&z=17&hl=en","31.5644595","74.3106655","","","","https://drive.google.com/open?id=18yVdX2rk1ZP8NH0vaobRxFVXCpFCHmJ_","https://drive.google.com/open?id=12wHTasG807YamjS4PrN4rVWxUmYGVYV6",""
"Lahore","gqomo","Jamia Masjid Abu Bakar Sadiq Jalu Moor Lahore","Women Religious No Info Share","Jamya masjid abubakar sadiq","Syed awais mehboob shah","1940.0","","","2.0","https://maps.google.com/maps?q=31.596572%2C74.4995227&z=17&hl=en","31.59657","74.49952","","","","https://drive.google.com/open?id=1iOIs2wHP75aoXAp-VGa-g-UOHgxUoxG0, https://drive.google.com/open?id=1YY1fSeBoRpPcQ8oFuqi6njM1EmPKrfPj, https://drive.google.com/open?id=1oFV1AjTO0L8iNGcfYzMySYdQK1702erp","https://drive.google.com/open?id=1Ee7FFGdUFodpiYZ1-W8JCqp_JfLKSmyb",""
"Lahore","yhrds","Jamia Masjid Darbar Meer Hussain Rangani Lahore","Community Religious Info Share","Jamia masjid meeran hussain ranjani","Not Found","","","","2.0","https://maps.google.com/maps?q=31.5862196%2C74.3449832&z=17&hl=en","31.58622","74.34498","","","","https://drive.google.com/open?id=1xiu1_Q8NtK6FoCiUixH9dekcUkseyfba","https://drive.google.com/open?id=1WY3tsNfCSkvGRzQckXAOK8QuzfeTi_S_",""
"Lahore","lwumj","Jamia Masjid Neela Gumbat Lahore","Control","Jamiyan Masjid Nila Gumbad New Anarkali Lahore","Moulana Abu bakar","1970.0","","","2.0","https://maps.app.goo.gl/Rxz7YGn4yDVtgsDJ7","31.5699308","74.3089839","","","","https://drive.google.com/open?id=1jOLXk57WXLNZG68w6ZSIkXjfcS7o5OF4","https://drive.google.com/open?id=1sUjnlN3muEANEsRC9RCdy_cbJjwlvcOZ",""
"Lahore","zhcjl","Jamia Masjid Esha Shahab Lahore","Community Secular Info Share","zhcjl	Jamia Masjid Esha Shahab Lahore","Not Found","","","","2.0","https://maps.google.com/maps?q=31.5806818%2C74.3605627&z=17&hl=en","31.58068","74.36056","","","","https://drive.google.com/open?id=1035jVkTF3uYMT6KeIsGiKlqQ_d6UC2-Y, https://drive.google.com/open?id=1J0BHJFkZ4OmEi6_w5UvkNyTIa4rEn0VJ, https://drive.google.com/open?id=11SGSxztIlGwXWDEVUxhAQjY32Hy75r8m, https://drive.google.com/open?id=1hwbZrtJj46zRoFDs-yEYjb7MoKUBTT3N, https://drive.google.com/open?id=1pQ-ZyiIT4Krfn6YO6d1T023gy7SwtJTz","https://drive.google.com/open?id=11yNedQOuXH6q0UmCH9MYob3dQrKTPi6j",""
"Lahore","dwebz","Jamia Masjid Hamam Wali Sotar Mandi Lahore","Community Religious Info Share","Jamia Masjid Hamam Wali Sotar Mandi Lahore","Allama Ghulam Abbas","1940.0","","","2.0","https://maps.google.com/maps?q=31.5801501%2C74.3153044&z=17&hl=en","31.58015","74.3153","","","","https://drive.google.com/open?id=1QukZ6nRpLeOmvQIFmKYTLxIopMDuUeMq, https://drive.google.com/open?id=1STfeR7XXoFCxE7Ol_qjO8lziHpCIw9WU, https://drive.google.com/open?id=1QHuYk57zWRYnEe6wWLfOMXJTgOVpsnyd","https://drive.google.com/open?id=1h7Wh14_K2YMlEnPuWkoSQC41oRoT_0Wc, https://drive.google.com/open?id=1Hrmf3ogjL89TnzUzwsb6Z1WJ0Z3yEmbC, https://drive.google.com/open?id=1T4FW05JhPGvDtatlUq-1lmBj2bCosqqW",""
"Lahore","qecjr","Darbar Hazrat Gohar peer Shah","Control","Jamia Masjid Darbar Shah Gohar peer","Hafiz Muhammad Sadeeq Akbar","1980.0","Hazrat Gohar Peer Shah","","2.0","https://maps.google.com/maps?q=31.6009372%2C74.3954905&z=17&hl=en","31.60094","74.39549","","","","https://drive.google.com/open?id=1PQOeRvaZYILlt888BY6jYhhKjtjEBSHx","https://drive.google.com/open?id=1B2xTPAtHwcZMGMn9ihvZKGr6DuAWccgb",""
"Lahore","hkeci","Jamia Mosjid Noorani Qasaban Wali","Women Religious Info Share","Noorani jamia masjid","Qari Zulfiqar","1957.0","","","2.0","https://maps.google.com/maps?q=31.5499248%2C74.3756515&z=17&hl=en","31.54992","74.37565","","","","https://drive.google.com/open?id=1uK5cfAmapH9y3qz_xwxMHPuJzk0B7owb","https://drive.google.com/open?id=1t28c_QM80AEFd4lDriCXH7vdGLm7V1BF",""
"Lahore","cwfim","Jamia Masjid Hanifya Ghosia Scheme # 2 Lahore","Community Secular No Info Share","Jamia Masjid Hanfiya Ghosia Scheme 2 Lahore","Qari mufti Muhammad imran","1995.0","","","2.0","https://maps.google.com/maps?q=31.5883979%2C74.3940933&z=17&hl=en","31.5884","74.39409","","","","https://drive.google.com/open?id=1hwExPMXfydUM6QbRn4LkWtXUX25WHulQ","https://drive.google.com/open?id=1-2QpoEeJL5e_V0oLaThQKGFWREeeY5B3",""
"Lahore","dxome","Jamia Masjid Bedian Road Lahore","Community Secular Info Share","جامع مسجد حنفیہ گلی نمبر 9 بیڈن روڈ لاہور","Noor Muhammad Qadri","1965.0","","","2.0","https://maps.app.goo.gl/5nuf3PNZkhGtgEDX7","31°33'49.5","74°19'19.1","","","","https://drive.google.com/open?id=1XpWpu-VL2Aw7U0QALrvjmTNV1Sxg1fCR, https://drive.google.com/open?id=1dkr122OOeVYCq16Ktbvlrp0haiO2-6C6, https://drive.google.com/open?id=1YVfTZwXjGwtwb6q5P0vbQC51R5vO6EgY","https://drive.google.com/file/d/1lACen18TA9y0Ss173c9rxbwesbrW9d3n/view",""
"Lahore","ieyaf","Jamia Masjid Dehli Muslim Lahore","Women Religious Info Share","Jamia masjid dehli muslim","Allah Nawaz","1960.0","","","2.0","https://maps.google.com/maps?q=31.5740767%2C74.3134663&z=17&hl=en","31.57408","74.31347","","","","https://drive.google.com/open?id=1x_Z2tLnluG4DjOHBD5VaYFUVejq9AUas","https://drive.google.com/open?id=1yBoHJKJAs-dN8lP-ZYYrlowalQvAD8Y_",""
"Lahore","buvya","Jamia Masjid Takiya Peer Hassan Shah Wali Lahore","Community Religious Info Share","Jamia Masjid Takiya Peer Hassan Shah Wali Lahore","Qari naseer Qureshi","1991.0","Darbar Takiya peer Hassan shah wali","","2.0","https://maps.app.goo.gl/pgSCi6dwrComz1HGA","31°34'07.2","74°19'52.7","","","","https://drive.google.com/open?id=1-l1I5klAhcLgCEZsVv2LScdhK0bON72K, https://drive.google.com/open?id=1XhLMgQUF3hRwytO8XJN3ss5HuqZAIKCL","https://drive.google.com/open?id=1A_Yo_HZAGYieGkyKDf3bNnoiylo104hY, https://drive.google.com/open?id=1sv72v86YI7mD9tBXtK_3BW3xSo0ol2JH, https://drive.google.com/open?id=1HJ7e4yPc6hh6SqyzEVm4lbLguVOPwD8c",""
"Lahore","tnjaz","Jamia Masjid Noor Eman Wali Kashmir Bazar Lahore","Women Religious No Info Share","Jamia Masjid Noor Eman Wala","Qari moulana Shafiq","1970.0","","","2.0","https://maps.google.com/maps?q=31.5835261%2C74.3226613&z=17&hl=en","31.5835261","74.3226613","","","","https://drive.google.com/file/d/1BKYwxunTVjmTGQVZO24H-64oVlGGxz2p/view","https://drive.google.com/open?id=1HWK2N4ppCDwY1Kc258Lr8Dg8SdFbol6b",""
"Lahore","shcuy","Jamia Masjid Bibi Pak Daman Lahore","Control","Jamia Masjid Bibi Pak Daman","","","","","2.0","https://maps.google.com/maps?q=31.5644371%2C74.3387827&z=17&hl=en","31.56444","74.33878","","","","https://drive.google.com/open?id=1TpgfThCI1PmY7jUNgRw2hm6hNFF1loIR","https://drive.google.com/open?id=1m6KDaILkzom45SameYZu-JX6HvSVOYSM",""
"Lahore","klysr","Jamia Masjid Darbar Madu Laal Hussain Lahore","Women Secular Info Share","Jamia Masjid Darbar Madoh Laal Hussain","Qari Tanveer sab","2012.0","Madoh Laal Hussain","","2.0","https://maps.google.com/maps?q=31.5856288%2C74.3742518&z=17&hl=en","31.58563","74.37425","","","","https://drive.google.com/open?id=1_cHM-eiykRp8CPVA1M2RZ-4BYRIzV3kV","https://drive.google.com/open?id=1BICpKMbXfQ2YNjoqkeKahQOsHeV2GPIq",""
"Lahore","xuynq","Jamia Masjid Ghosia Masti Gate Lahore","Control","Jamia Masjid Ghosia Masti Gate Lahore","Qari Naeem ur Rehman","1930.0","","","2.0","https://maps.google.com/maps?q=31.5884155%2C74.3190388&z=17&hl=en","31.5884155","74.3190388","","","","https://drive.google.com/open?id=1QGEfcnx1TqdnyNh49u227GSkvHSLIFDN","https://drive.google.com/open?id=1EWh1wYRomzuc_q17BUhrGFYpT6-YsWYw",""
"Lahore","xqvon","Jamia Masjid Qurban Ali Shah Lahore / Darbar hazrat Qurban Ali shah","Control","Jamia Masjid Darbar Qurban Ali Shah","Qari Shahid aslam","1940.0","Qurban Ali shah","","2.0","https://maps.google.com/maps?q=31.5883979%2C74.3940933&z=17&hl=en","31.5884","74.39409","","","","https://drive.google.com/open?id=1Emo4eURiL-L2d7JQ985fFa3vmrkSU68u","https://drive.google.com/open?id=1xlaQEx8qgwsdjSNZC2mcq-vCgMLKcuch",""
"Lahore","wvmxf","Jamia Masjid Hanifia Railway Road Gawaal Mandi Lahore","Community Religious No Info Share","Jamia Masjid Hanfia Railway","Moulana sheer zaman","1900.0","","","2.0","https://maps.google.com/maps?q=31.5734758%2C74.3221654&z=17&hl=en","31.57348","74.32217","","","","https://drive.google.com/open?id=1HcmO-vwPUaUHr0CjXBD9j4Tk7OfZDpka","https://drive.google.com/open?id=1qhXJ0Rg25OUeWrKLVgLRKn1BDH2jxlSy",""
"Lahore","zbrwj","Jamia Masjid Allah Joya Aabkaari Road Lahore","Community Religious No Info Share","Jamia Masjid Allah Joya Aabkaari Road","Aziz Rabani","1920.0","","","2.0","https://maps.google.com/maps?q=31.5743089%2C74.3114858&z=17&hl=en","31.57431","74.31149","","","","https://drive.google.com/open?id=1F6DVXJ2IUexy6v78_iaoA0vZfWTuaiF5","https://drive.google.com/open?id=1Jh9GjKKDjUZD4P2oHg_BAnOvkW5XeCen",""
"Lahore","kgtfe","Jamia Masjid Laal Shah Alam Market Lahore","Control","Jamia Masjid Laal Shah Alam Market","Riaz awaisi","1925.0","","","2.0","https://maps.google.com/maps?q=31.5773349%2C74.3171632&z=17&hl=en","31.57733","74.31716","","","","https://drive.google.com/open?id=1LAX8Q4tLTx-0Z_UOA8q2blhA_jajfTnE, https://drive.google.com/open?id=1iINc8bVAcwkBZPg0tchYOQXUaPTGeWFi","https://drive.google.com/file/d/1RMXRYgCgveSewAJwnhmeXer5WbcvGY5j",""
"Lahore","hswif","Jamia Masjid Barkat Bibi Lahore","Women Religious No Info Share","جامعہ مسجد برکت بیبی","Naseer_zia","1980.0","","","2.0","https://maps.google.com/maps?q=31.5873974%2C74.3040215&z=17&hl=en","31.5874","74.30402","","","","https://drive.google.com/open?id=12Pos9A782qERH9H5fs3Ld7nN6YnKpaf8","https://drive.google.com/open?id=1FxjmIOMvtOxnlNyAfhudwwFiimWhJV2f",""
"Lahore","telou","Jamia Masjid Peshawari Neela Gumbat Lahore","Women Religious No Info Share","Jamia Masjid Peshawari Neela Gumbat Lahore","Mussayab_Akram","1925.0","","","2.0","https://maps.google.com/maps?q=31.5691184%2C74.3111879&z=17&hl=en","31.5691184","74.3111879","","","","https://drive.google.com/open?id=1A-dvB0iiEMTi1IcEp_H3SVSXp-sOSh2u","https://drive.google.com/open?id=1UmI2zDxvF2PJPHkm9jKPSevcGLb2cExx",""
"Lahore","kkrvm","Jamia Masjid Neevin Bhati Gate Lahore","Community Secular No Info Share","Jamia Masjid Neevin Bhati Gate Lahore","Moulana Muhammad Amin","1930.0","","","2.0","https://maps.google.com/maps?q=31.5817083%2C74.3049283&z=17&hl=en","31.5817083","74.3049283","","","","https://drive.google.com/open?id=1Ig9PIzdAU7r2km9PJP2Al_UpTswM72Eg","https://drive.google.com/open?id=1cVPP3avDSRjsamGRk188ArARddqBS0gu",""
"Lahore","oiyzt","Jamia Masjid Abdul Ghani Lahore","Community Religious No Info Share","Jamia Masjid Abdul Ghani","Khalil_ur_Rehman","1960.0","Shah Abdul Ghani","","2.0","https://maps.google.com/maps?q=31.5848695%2C74.3767757&z=17&hl=en","31.58487","74.37678","","","","https://drive.google.com/open?id=17QtOxWYxvII7vukhmUYJzaEiDR4IqxHM","https://drive.google.com/file/d/136e2a420Q42dJRq0yxTOR6ez07sOFpN7/view",""
"Lahore","gnvlx","Jamia Masjid Shaleha Ghumbo Mochi Gate Lahore","Women Religious No Info Share","gnvlx	جامع مسجد صالحہ کمبوہ موچی گیٹ لاہور	Jamia Masjid Shaleha Ghumbo Mochi Gate Lahore","Not Found","","","","2.0","https://maps.google.com/maps?q=31.5773126%2C74.3215007&z=17&hl=en","31.5773126","74.3215007","","","","https://drive.google.com/open?id=1wSQioLU3ZBXoURCQhL9lZeBA9sYrtPfr, https://drive.google.com/open?id=16th3w86NxhnUmjHsJx0IvG0M_l_lse8S, https://drive.google.com/open?id=10T7x5sDZnP7xKTQKKIbHH7wreTtKWbOA, https://drive.google.com/open?id=1cbVAXUzIPojIpEegV2exqtpznPBJ7QnH, https://drive.google.com/open?id=1ilHIHxV5_w0CJKMBaBuYmOncr1CDkWRR","https://drive.google.com/open?id=1vlQYx1jooZ20TFV3vP56nzsHu4qXTF-v, https://drive.google.com/open?id=1J7M8p3qnGP7oo3dYAMRHOQUjhFyyTx-b, https://drive.google.com/open?id=137W7lTByUwhdpNSOv_Zqb9dIJhCPxezL, https://drive.google.com/open?id=19ns_b8Jl4t-N9bQHsF95TNwZLuah93Zb, https://drive.google.com/open?id=1NGRsIJbXJLeq7v6gH80YftXVkezgHzeq",""
"Lahore","oonhe","Jamia Masjid Bhohaar Wali Lohari Gate Lahore","Community Secular Info Share","Jaima majid bhohaar wali lahore Gate","Liaqat Ali","2002.0","","","2.0","https://maps.google.com/maps?q=31.5813669%2C74.3137182&z=17&hl=en","31.5813669","74.3137182","","","","https://drive.google.com/open?id=1zKWBBCSB0E4Z0_FJ0Hyu0-xC3iFhLSRA","https://drive.google.com/open?id=14BYIHkC0fZdvN078JsWxG5CxvITbe41g",""
"Lahore","kpwne","Jamia Masjid Mian Karaam Bakhs Pani Wala Talaab Lahore","Control","Jamia Masjid Mian Karaam Bakhs Pani Wala Talaab Lahore","Sabir_Hussain","1940.0","","","2.0","https://maps.google.com/maps?q=31.5839243%2C74.3165669&z=17&hl=en","31.5839243","74.3165669","","","","https://drive.google.com/file/d/1BX_br0ho5SGkqi6l-4Y1AqJDnbiPPP3y/view","https://drive.google.com/file/d/1qnKEyMLihKcNEk19PXBM9MB7kSC0utpu/view",""
"Lahore","kscal","Jamia Masjid Noor Din Pepal Wehra Lahore","Control","kscal	Jamia Masjid Noor Din Pepal Wehra Lahore","Muhammad Arif","2020.0","","","2.0","https://maps.google.com/maps?q=31.5790724%2C74.3201252&z=17&hl=en","31.57907","74.32013","","","","https://drive.google.com/file/d/1KBVrTDZtyLoNoMnI3cqdARp5QT2zHW2o/view","https://drive.google.com/open?id=1sJ72mR1gDjs5E-Ifjrlj2ngyGkLu9NzT",""
"Lahore","piujl","Jamia Masjid Noor Emaan Wali Kashmri Bazar Lahore","Women Religious No Info Share","Jamia Masjid Noor Emaan Wali","Not Found","","","","2.0","https://maps.google.com/maps?q=31.5834478%2C74.3211755&z=17&hl=en","31.5834478","74.3211755","","","","https://drive.google.com/open?id=19qWJTPblKN5qGD4KzFhfq2SO0yFbKsq_, https://drive.google.com/open?id=1mfqsxnRVIUxFQMYApjSOa2tnSVdzacqV, https://drive.google.com/open?id=1HjkwZbUozozKJSk-J9-p-BOHZLfOD7fb, https://drive.google.com/open?id=1VwXSaCHUeNrndzJKdEyrlgKL_1J3wIHy, https://drive.google.com/open?id=1SQCumJvFhpLDS23rYZn0mufyyXsRkFoG","https://drive.google.com/open?id=1MBDSG4Sjh7PFJk_mBSZ4cAODRQKaQHYy",""
"Lahore","eiuou","Jamia Masjid Chila Gah Tabha Fareed Lahore","Control","Jamia Masjid Chila Gah Tabha Fareed Lahore","","","","","2.0","https://maps.google.com/maps?q=31.5742044%2C74.3040166&z=17&hl=en","31.5742","74.30402","","","","https://drive.google.com/open?id=1qS1P1yo_u52C6euKkHYZKN7fDPFFfnS0","https://drive.google.com/open?id=1xohUUxuKkWjqcnSP66Tz6ehkeInU3zsC",""
"Lahore","hhhnd","Jamia Masjid Unchee Laal Kuh Mochi Darwaza Lahore","Women Religious No Info Share","Jamia Masjid Unchee Laal Kuh","Hafiz Muhammad Waseem","1970.0","","","2.0","https://maps.google.com/maps?q=31.5782971%2C74.3222366&z=17&hl=en","31.5782971","74.3222366","","","","https://drive.google.com/file/d/1EAEFtnaCVb6rXTQOq7gECS77MPRxQQXN/view","https://drive.google.com/file/d/1PuHIx6y2GTICmfaDE4lrlJV0bamgkRDb/view",""
"Lahore","tnrvg","Jamia Masjid Hanfiya Takiya Saduwah Lahore","Community Religious No Info Share","Jamia masjid hanfia takia saduwah lahore","Masood.ur.Rehman","1955.0","","","2.0","https://maps.google.com/maps?q=31.5813779%2C74.3214262&z=17&hl=en","31.5813779","74.3214262","","","","https://drive.google.com/open?id=1szyDiDalkVvawHBIKN7rWUzqXxkooTfs","https://drive.google.com/open?id=1t9OLpaWT0OqlHtHaDtWCBhL9547YkJp9",""
"Lahore","fitmr","Jamia Masjid Taxsali Gate Lahore","Community Religious No Info Share","FITMR	Jamia Masjid Taxsali Gate Lahore	Maulana Abdul Baais","Moulana Abdul Baais","1870.0","","","2.0","https://maps.google.com/maps?q=31.5860839%2C74.3080745&z=17&hl=en","31.58608","74.30807","","","","https://drive.google.com/file/d/1TJmbwwQalYjH2XS4a-tYg3ku7mwy6BWI/view","https://drive.google.com/file/d/1Ihk6aTiQ0xPV5A_xdwIoSV__ykaCLMvr/view",""
"Lahore","ucpvp","Jamia Masjid Maki New Anarkali Lahore","Community Secular No Info Share","Jamia Masjid Makki New Anarkali","Ubaid ul Rehman","1962.0","","","2.0","https://maps.google.com/maps?q=31.5760629%2C74.3130287&z=17&hl=en","31.57606","74.31303","","","","https://drive.google.com/open?id=15svQt3YI4h5vxYr_xz1EOl37KOh29YHw","https://drive.google.com/open?id=1ttGVp-xj-LiTThGIL6Bfnc5LZmuWY17q",""
"Lahore","ztlcn","Jamia Masjid Takiya Puter Nagha Lahore","Women Secular No Info Share","Jamia Masjid Takiya Puter Nagha Lahore","Qari Muhammad Azam","1945.0","","","2.0","https://maps.google.com/maps?q=31.5828981%2C74.3059768&z=17&hl=en","31.5829","74.30598","","","","https://drive.google.com/open?id=1HGimRFK9XZ6o0q94ZmyJPguOG_aLXgCT","https://drive.google.com/file/d/149FosAjYgkFmXiczg2dV2FoxlRovEPtU/view",""
"Lahore","gtfgm","Jamia Masjid Sheer Shah Wali Lahore","Control","Jamia Masjid Sheer Shah Wali Lahore","Abu Bakar Farooq","1850.0","Sheer shah wali darbaar","","2.0","https://maps.google.com/maps?q=31.5908317%2C74.3130167&z=17&hl=en","31.5908317","74.3130167","","","","https://drive.google.com/open?id=1vOlaOiCwCzUM798ls2idrdbN1erRLgEd","https://drive.google.com/open?id=1x9R0ZU_6hSIn886mneCQ8o7tcmQfbJWR, https://drive.google.com/open?id=1FxhpUGf9kBJ6ejMbOYwtQV5cRaxaB370",""
"Lahore","qkvvj","Jamia Masjid Bazaad Hata Lahore","Women Secular Info Share","Masjid Khulfa Rashidin Hata Bazar Rang Mahal","Abdul Basit","1997.0","","","2.0","https://maps.google.com/maps?q=31.5831058%2C74.3184517&z=17&hl=en","31.58311","74.31845","","","","https://drive.google.com/open?id=14KX0GLhDqGB9f2i9oj8iMQ63xAbcB2Rt, https://drive.google.com/open?id=1_djUUqvSO2el91ek7Iu1B2rRAbhPzxxn, https://drive.google.com/open?id=118S8Wz0n82A8qrsO-bk-lrjA_j94MJPQ, https://drive.google.com/open?id=1dp-em5kz4GsePo-MTL1sv6iW15Y-IC8d, https://drive.google.com/open?id=155-J3vxuzEzZMXILCXO922SRx7u650P0","https://drive.google.com/open?id=1MsKv_tUrcc0P4YpnbqEhkKZ6UzNtiveo, https://drive.google.com/open?id=13sQQl9eEDspsXNjll5Q_wcU6w4wTvscx, https://drive.google.com/open?id=1oCmhI_HQPhfHoaZl5Vf2vWTh2njz44-0",""
"Lahore","umifn","Jamia Masjid Takiya Kabotar Shah Lahore","Control","Jamia masjid abdula sha bukahre kabotar sha","Abdur Rehman","","","","2.0","https://maps.google.com/maps?q=31.585691%2C74.3204243&z=17&hl=en","31.585691","74.3204243","","","","https://drive.google.com/open?id=1_hfzgAv_iU7hl0LJnP2xSGtCq1bufHHF","https://drive.google.com/open?id=1wsfrvaMifpZLuKc6v0AsI6km8pM2NfWd",""
"Lahore","rzccc","Jamia Masjid Darbar Shah Muhammad Ghost Lahore","Control","Hazrat sakhe sha Muhammad goss","Naseer ahmed","1940.0","Syed shah Muhammad ghous","","2.0","https://maps.google.com/maps?q=31.58001708984375%2C74.326416015625&z=17&hl=en","31.58001709","74.32641602","","","","https://drive.google.com/open?id=1XzRpPEKHM_9GLqH-th8ySf4nza6-uc0t, https://drive.google.com/open?id=1sZrUi89e8sfAAwxl28YOjchiv1fscFN0","https://drive.google.com/open?id=1urteYNI850RIeU6YHuP2P3IgDgE6bbzI, https://drive.google.com/open?id=1PTEt-lIX3AzUBPpq3hKcAJIfBwlqq_i9",""
"Lahore","vxoxs","Jamia Masjid Hanfiya Ghosia Shoe Market Lahore","Women Secular Info Share","مسجد جامعہ حنفیہ غوثیہ قادریہ شو و لیدر مارکیٹ شاہ عالم لاہور","Maulana Irfan","1977.0","","","2.0","https://goo.gl/maps/AhMDehoqVPDpSbuv7","31.58222","74.31641","","","","https://drive.google.com/open?id=1fUkA06yXBaq4nV4Q57P4ctMK9CBNqSNr","https://drive.google.com/open?id=1PAP7GefNjUOFPJ8qwGkWk9rOHmRtFlEg",""
"Lahore","wbail","Jamia Masjid Takiya Ujagar Shah Lahore","Control","Jamia Masjid Noor","Qari Muhammad aqeel","1990.0","","","2.0","https://maps.google.com/maps?q=31.5884416%2C74.3487115&z=17&hl=en","31.58844","74.34871","","","","https://drive.google.com/open?id=1ErHoAS0rbUqAx2xmIidJ-gPnYO0IjKx7","https://drive.google.com/open?id=1zzfXe9-nQE_bEn8D86aM3e6v6Kbk_ii3",""
"Lahore","wzjkx","Jamia Masjid Shah Jamal Lahore","Control","Jamia masjid Shah Jamal","Akhtar_raza","1925.0","Darbar shah Jamal","","2.0","https://maps.google.com/maps?q=31.52895%2C74.3286083&z=17&hl=en","31.52895","74.32861","","","","https://drive.google.com/open?id=1zKakeBK82fJGq23lPHGp0HsZd4-4IsOR","https://drive.google.com/open?id=1PmmRy0sluL9I4ePHxSFGcji9YSyNZL-9",""
"Lahore","emotn","Jamia Masjid Musafir Khana Ghari Shah Lahore","Women Religious Info Share","EMOTN	Jamia Masjid Musafir Khana Ghari Shah Lahore","Mehboob Hussain","1955.0","Baba Musafir Shah","","2.0","https://maps.google.com/maps?q=31.5630139%2C74.3433942&z=17&hl=en","31.56301","74.34339","","","","https://drive.google.com/open?id=1HABFWqH9W8ZngVqm_cVgPBADOILsE0fV, https://drive.google.com/open?id=1zpQ9oCN5O7hbAK7aRIb3bgArx3yJpu-Q","https://drive.google.com/open?id=1jvlk1Bj_6pn9_JfMefN_2F68hRtdXVqg",""
"Lahore","jeztx","Jamia Masjid Darbar Peer Hadi Rehnuma Lahore","Women Religious No Info Share","Jamia masjid peer hadi rehnuma","Qari Zafar iqbal","1967.0","Han g","","2.0","https://maps.google.com/maps?q=31.5592031%2C74.3211046&z=17&hl=en","31.5592","74.3211","","","","https://drive.google.com/open?id=1K5Sl4oCptG5OXH5-1HjzPtkJB-N7ZGtK","https://drive.google.com/open?id=1TB4nBp7bgNxMRqKVbb-vAstKlYkNWSWL",""
"Lahore","gsdas","Jamia Masjid Takiya Lehri Shah Lahore","Women Religious No Info Share","Jamia masjid takiya lehri shah","Not Found","","","","2.0","https://maps.google.com/maps?q=31.5315355%2C74.3126097&z=17&hl=en","31.53154","74.31261","","","","https://drive.google.com/open?id=18hx0sR4R2ZzlXqFLQr0uxecC5sBEmk6S","https://drive.google.com/open?id=1Oa6z4xkLMGeSzWagHS7M6ulGnM-glTVC, https://drive.google.com/open?id=1kkFsGEZ3FK6maD84-rIAydz0cpOjibWv, https://drive.google.com/open?id=1pPVtKC5vBYKA8Urstjwept34p_HMdkgX, https://drive.google.com/open?id=1s3teslxm50YBnNHpi3I16ad8MtyQD5ay",""
"Lahore","cqafr","Jamia Masjid Johri Shah Bandagi Lahore","Community Secular No Info Share","شاہ ابوالمعالی","Hazrat_Nabi","1905.0","Darbar Johri Shah bndagi","","2.0","https://maps.google.com/maps?q=31.5721909%2C74.3306608&z=17&hl=en","31.57219","74.33066","","","","https://drive.google.com/open?id=1jToCv6f_gkYmHD4uYpoNxu_nWNy33KUx","https://drive.google.com/open?id=1bfw0bStLuoCeD0zAEMvPg_WExEgdsYcK",""
"Lahore","ipdnb","Jamia Masjid Darbr Shah Ghadah Lahore","Community Religious Info Share","Jamia masjid shah gadah lahore","Faqeer Ahmed","1930.0","Darbar shah Ghadah","","2.0","https://maps.google.com/maps?q=31.5680878%2C74.3453139&z=17&hl=en","31.56809","74.34531","","","","https://drive.google.com/open?id=1jGkgCmpPflXu3r9ZmrCL2oRFtelaUu2f","https://drive.google.com/open?id=1wH1IdkuaN20_lA046EtpsB745KDutPRC",""
"Lahore","ljvby","Jamia Masjid Darbar Musa Ranjani Lahore","Community Religious No Info Share","Jamia masjid meeran hussain zanjanni","Rab Nawaz Chisti","1975.0","Syed Musa Zanjani","","2.0","https://maps.google.com/maps?q=31.583545%2C74.3398072&z=17&hl=en","31.58355","74.33981","","","","https://drive.google.com/open?id=1o7XsaISaS7wUFGZMLZB1SSLf6HlKeDFm, https://drive.google.com/open?id=1fRwzibLJ5qiHMXh4YoBNwEJU8H2YdC65","https://drive.google.com/open?id=1ZVK-kqNrj1B9JHLW6uux1aUfVvdkRZZG, https://drive.google.com/open?id=16FN9kaLlGEe3p-8MKSaxECqJdXFv8_8J",""
"Lahore","fevmy","Jamia Masjid Darbar Ismail Shah Bukhari Lahore","Community Secular Info Share","Jamia Masjid Darbar Ismail Shah Bhukari","Ghulam hussain shah","1968.0","Ismail shah bukhari","","2.0","https://maps.google.com/maps?q=31.5646835%2C74.3185463&z=17&hl=en","31.56468","74.31855","","","","https://drive.google.com/open?id=1ueqfpWigvvrGvNdNNt5VxIUsWCGxr7KN","https://drive.google.com/open?id=1iB0yCbKh9V4fBedekOqYdJTkNFqgsLuQ",""
"Gujrawala","CVXRS","Jamia Masjid Chila Gah Sakhi Sarwar Dhoonikal","Control","Dhonkal chila gha sakhi sarwer","Not Found","","","","1.0","https://maps.google.com/maps?q=32.071094%2C73.7195025&z=17&hl=en","32.07109","73.7195","","","","https://drive.google.com/open?id=1NdaZdj5bBZbJ2yWEp5eI8RJHEXxCAExR","https://drive.google.com/open?id=1LAonl7Ss_zIjAuZG5zN7IziQg0Fo7RG0",""
"Gujrawala","CCXYI","Jamia Masjid Molvi Muhammd Hussain Urdu Bazar","Women Secular No Info Share","Molve Muhammad husain wali Urdu Bazar gujranwala","Not Found","","","","2.0","https://maps.google.com/maps?q=32.166809%2C74.1825237&z=17&hl=en","32.16681","74.18252","","","","https://drive.google.com/open?id=1Ba2nKmzbU-HfZk33sWQkj-9UgLJcPuzT","https://drive.google.com/open?id=1alHwS3rg5ib6W9yGt5JvE6v3TrAVp-4I",""
"Gujrawala","BWXOO","Jamia Masjid Qudsia Rizwaiya Civil Line Gujranwala","Women Secular Info Share","JAMIA MASJID QUDOOSIA ROZVIYA CIVIL LINE","Not Found","","","","2.0","https://maps.google.com/maps?q=32.1650727%2C74.1907428&z=17&hl=en","32.16507","74.19074","","","","https://drive.google.com/open?id=1PSfRpZvj3CFxcIyQ6f5zHTjW40FLlK0a","https://drive.google.com/open?id=1RbpkD2I6UMTAxWOskKDijKUwCF7Xv2pi",""
"Gujrawala","SPHKK","Jamia Masjid Unchee Lahori Gate","Control","JAMIA MASJID UCHI LAHORI GATE","Not Found","","","","2.0","https://maps.google.com/maps?q=32.1572555%2C74.1890043&z=17&hl=en","32.15726","74.189","","","","https://drive.google.com/open?id=12dZ2oXeWcOtEEi-T1EKVOIY6N6VQ_xDI","https://drive.google.com/open?id=1D5SBbW3iwFU4wg0PIzFTc6_sVBMyyTV1",""
"Gujrawala","ZRXRI","Jamia Masjid Farookiya Chowk Pondanwala Gujranwala","Community Religious Info Share","JAMIA MASJID FAROOQIYA RIZVIYA POWNDAWALA","QARI ABDUL GAFAAR SAAB","1965.0","","","2.0","https://maps.google.com/maps?q=32.1571609%2C74.1928954&z=17&hl=en","32.15716","74.1929","","","","https://drive.google.com/open?id=1Zg1h0JgE-1wTxi6ZXmGj7HszEF4xkDTR","https://drive.google.com/open?id=1lnnS3aNyUDhISeUlfuRuiEhG1E0QfAEI",""
"Gujrawala","VIEXI","Jamia Masjid Miya Rehman Hafizabad","Women Secular No Info Share","Jamia masjid mian riman","QARI M AMEEN","1950.0","","","2.0","https://maps.google.com/maps?q=31.9074519%2C73.6126611&z=17&hl=en","31.90745","73.61266","","","","https://drive.google.com/open?id=10AKjP_HKCgRHBHbugJW4NpT3lgWSdHDP, https://drive.google.com/open?id=1FfyxErgKFW8wHNFhTeZt8gyQ1UYW14n6, https://drive.google.com/open?id=1pKMgTskPLeKQA4oWzJ5D_tu7ORaJfcO8, https://drive.google.com/open?id=1iL3nEfMhwUWEk2EPdzeGhDlfTdJe_OMH, https://drive.google.com/open?id=1U510zAP0T-8eCwMkWEQOBvTyu5UONPsx","https://drive.google.com/open?id=1VpZl20HDSrdMqVZDtB6oL4xECc6y7Kwt, https://drive.google.com/open?id=1xJJQjeaWAIk7e22zUKs3ciSMMCRq2yVK, https://drive.google.com/open?id=1u8kHOBXLyIHIuNpQQ3WIAL240Xo19ykQ, https://drive.google.com/open?id=1pnw-SLI1roXcfTccFafVUclA_T5n8Ozp, https://drive.google.com/open?id=16-wHWfhTwZKBnacGS7_cV2p4kJ2gvsBO",""
"Gujrawala","BJLNR","Jamia Masjid Darbar Boty Shah Hafizabad","Women Religious Info Share","Dabar botay sha","QARI RAFQAT ALI","1995.0","BABA BOTY SHAH","","2.0","https://maps.google.com/maps?q=32.2530001%2C73.6740197&z=17&hl=en","32.253","73.67402","","","","https://drive.google.com/open?id=1Z1g-jwYjIZKT50gf5Jip12d276C12nyd","https://drive.google.com/open?id=1CGMrpivhFuBosObOYVsmztqFEIImh0ZP",""
"Gujrawala","AOVKO","Jamia Masjid Darbar Gulaab Shah Rasool Langar","Control","Jamia masjid hanfia","ALEEM UL DIN","1930.0","SAYYED SAJJAD ALI AL MAROOF BABA GHULAAB SHAH","","2.0","https://maps.google.com/maps?q=32.3301433%2C73.7796783&z=17&hl=en","32.33014","73.77968","","","","https://drive.google.com/open?id=13Vz5Ib4Fx-4f82lRSZXyLQC8MHaS1-l9","https://drive.google.com/open?id=1O3TAQSDArIuUtHqQ_qOBHFSOE2T1VZuY",""
"Gujrawala","OUGEG","Jamia Masjid Darbar Bari Shah Rehman","Control","JAMIA MASJID BHIRI SHAH REHMAN","MOLNA NAVEED IFTKHAR","1945.0","SHAH ABDUL REHMAN AL MAROOF BHIRI SHAH REHMAN","","2.0","https://maps.google.com/maps?q=32.1328097%2C73.8295923&z=17&hl=en","32.13281","73.82959","","","","https://drive.google.com/open?id=1NfqjaDGIZkL1YzDd96_XDunx3ta2K73C","https://drive.google.com/open?id=1vjzyv-pjfYw4AnR7MzR3uD8tPMMfcSRk",""
"Jhelum","PXOLR","Jamia masjid Hafiz Noor Jhelum","Control","Jamia masjid Hafiz Noor jhelum","Mulana Abdul Rauf","1970.0","","","2.0","https://maps.google.com/maps?q=32.9284525%2C73.7339202&z=17&hl=en","32.9284525","73.7339202","","","","https://drive.google.com/file/d/1xnndrjTvK-aCJK2V3YkLeB-S-4wvzJ-K/view?usp=sharing","https://drive.google.com/file/d/17KzOkC3YJ7qDdUTVT7DykL-2-q32knDW/view?usp=sharing",""
"Jhelum","UVNAI","Jamia Masjid afghan Jhelum","Women Secular Info Share","جامع مسجد افغاناں","Mulana Aqil Sultani","1892.0","Hazrat Baba Din Muhammad Afghani","","2.0","https://maps.google.com/maps?q=32.9248217%2C73.7322679&z=17&hl=en","32.9248217","73.7322679","","","","https://drive.google.com/open?id=1cgwCTeWCevys3LxI-93IgDoeXhOp9wO2","https://drive.google.com/open?id=1mS4PkYEF6Gs2EXpemEoTAYngjYcyxP_m",""
"Jhelum","PIPXB","Jamia masjid syaden shah shahrazi chakwal","Control","Jamia Masjid Syaden shah Shahrazi Chakwal","M. Sharyar Saleem","2007.0","","","2.0","https://maps.google.com/maps?q=32.719097%2C72.9852805&z=17&hl=en","32.719097","72.9852805","","","","https://drive.google.com/open?id=1PChbFEy925gfFmnARhqjo2T9CihqXFk5","https://drive.google.com/open?id=18xgzlbCySLLYIb1Zd-EYgFU7LSn9MOt5",""
"Jhelum","HXSZB","Jamia Masjid Eid gah Tala gang chakwal","Control","Jamia Masjid Eid gah Tala gang chakwal","Ubaid ur Rehman","1950.0","","","2.0","https://maps.google.com/maps?q=32.9257983%2C72.4068136&z=17&hl=en","32.9257983","72.4068136","","","","https://drive.google.com/file/d/1-t5dZZW3s_cO8BUj_xf5Bz6cdpUXx76G/view?usp=sharing","https://drive.google.com/file/d/1vUvcX__uDw6lLrImzBEXJ680oDSLlITa/view?usp=sharing",""
"Gujrat","XYHJE","Jamia Masjid Ghousia Chowk Pakistan Gujrat","Women Secular No Info Share","Ghosia musjid","M faheem","","","","2.0","https://maps.google.com/maps?q=32.57686233520508%2C74.08113098144531&z=17&hl=en","32.57686","74.08113","","","","https://drive.google.com/open?id=1gcFLkaKZZDZrMIP77Nk9ZbQXBdxDgDTv","https://drive.google.com/open?id=1FE00cJ7grVMyb-Ee7ZLuHZleQFfigdtn",""
"Gujrat","CNZTW","Jamia Masjid Darbar Shah Jahangir Gujrat","Community Religious Info Share","Jamia Masjid Darbar Shah Jahangir Gujrat","حافظ ظہیر عباس","1850.0","حضرت شاہ جہانگیر","","2.0","https://maps.google.com/maps?q=32.580035%2C74.09792&z=17&hl=en","32.58004","74.09792","","","","https://drive.google.com/open?id=1PJgs2WNfiQZ7wg7A4zHe-hZQV-rjwlkG","https://drive.google.com/open?id=1KmyzPyPu-ErGIbNJdoApjOD-Q37LzEpr",""
"Gujrat","WRTAN","Jamia Masjid Darbar Nagy Shah Gujrat","Control","Jamia masjid derbar naghy shah","Hafiz Mohammad Tahir","1960.0","Peer Husain shah","","2.0","https://maps.google.com/maps?q=32.5710369%2C74.0883756&z=17&hl=en","32.57104","74.08838","","","","https://drive.google.com/open?id=1kW4L8oFyCPKkZ_EdnS7pCyIdYyB9SS7w","https://drive.google.com/open?id=13hrNTsuVlchrsQMcyUeFFAkQRhSeAER8",""
"Gujrat","ECKCL","Jamia Masjid Shah Hussain Gujrat","Community Religious Info Share","Jamia masjed Shah Hussain","Not Found","","","","2.0","https://www.google.com/maps/place/32%C2%B034'23.1%22N+74%C2%B004'28.3%22E/@32.5730954,74.0719479,17z/data=!3m1!4b1!4m4!3m3!8m2!3d32.5730954!4d74.0745228?entry=ttu&g_ep=EgoyMDI0MTIwMy4wIKXMDSoASAFQAw%3D%3D","32.5731","74.07452","","","","https://drive.google.com/open?id=1PPxuxOM2wIMr0JcrITGi7syxIY8JP_KL, https://drive.google.com/open?id=1gJLpNtwDY1D6cife9Thf8IlbH2p3Lsfd, https://drive.google.com/open?id=1k1E0WFHx1KvsQXJsJbptD7UHIVIJkft_, https://drive.google.com/open?id=1QgkF_wWO6CL1zrRB5wGL6wjf8XH8t1n_, https://drive.google.com/open?id=1ICZlEbwqOvCqRq8D43jOybMgweeNK3DN","https://drive.google.com/open?id=15za1QhbFaMbj9Dh_Yl--MEkYnTcmVD6Y, https://drive.google.com/open?id=1cJ9OjIOOs4VIIw42vjrqq6i4bmrMaXz2, https://drive.google.com/open?id=1-DqcPEfEpAeOJ3tGLUxO5beoIG0Tkm_A, https://drive.google.com/open?id=1ON72AxvGYjkV9UgsLzz_k-F7yHUakFi-, https://drive.google.com/open?id=19XitYM1Slxx6DkMe4wELyB_pCizJ2f7T",""
"Gujrat","PGPQM","Jamia Masjid Darbar Shiekh Ahmad Wali Gujrat","Community Secular No Info Share","جامع مسجد دربار حاجی شیخ احمد ولی","Not Found","","","","2.0","https://maps.google.com/maps?q=32.55938099122827%2C73.2109635245343&z=17&hl=en","32.55938","73.21096","","","","https://drive.google.com/open?id=15NA-z75BaMm1oYGaDZXG-oKU9z_ZiBQF","https://drive.google.com/open?id=1sTd5YlM4l8hLhAHTgL6Sz_2S0SeNoYIK",""
"Gujrat","KMBBM","Jamia Masjid Darbr Muhri Shareef Gujrat","Control","Jamia masjid darbar mohri shareef","Not Found","","","","2.0","https://www.google.com/maps?q=32.7960114,73.7892226","32.79601","73.78922","","","","https://drive.google.com/open?id=1xri0t6MXIhDdICHaZ5EK0fNYqKrFN21K","https://drive.google.com/open?id=14id7wpXsgIi9xZojwOEGmKP9QSsDhH7m",""
"Gujrat","SXNPD","Jamia Masjid Darbar Sain Karam Elahe Gujrat","Community Secular Info Share","Sayen Karam ilahi masjid","Qari Afzal ahmed","2000.0","سائیں کرم الہی سرکار","","2.0","https://maps.google.com/maps?q=32.5912875%2C74.0871527&z=17&hl=en","32.59129","74.08715","","","","https://drive.google.com/open?id=15wHuFh1R-BQORy3ZocCawbuixPFxMUmS","https://drive.google.com/open?id=1DEFU5sDwey5HZzEE_r6baKuOMo-ZWdS4",""
"Gujrat","QAQID","Jamia Masjid Darbar Shah Dhola Gujrat","Control","Jamia masjid shahdola","Mulana Muhammad Tariq","1892.0","Hazrat Kabeer ud Din Daryai","","2.0","https://maps.google.com/maps?q=32.5714635%2C74.0846047&z=17&hl=en","32.57146","74.0846","","","","https://drive.google.com/open?id=1OONC-I2MRr-lL3GvHO-GUQkGBHnHWnFg","https://drive.google.com/open?id=1DLOJoSadHrZC83TMddMsFS-XOhxX4xaU",""
"Gujrat","QVDJF","Jamia Masjid Haji Muhammad Din Gujrat","Control","QVDJF	Jamia Masjid Haji Muhammad Din Gujrat","Alama mulana mehar hayat","1934.0","Haji Muhammad din","","2.0","https://maps.google.com/maps?q=32.5714801%2C74.0857584&z=17&hl=en","32.5714801","74.0857584","","","","https://drive.google.com/file/d/1QjpSiGEHdRRoYdiIG8WMRvCfbRDsWhF6/view?usp=sharing","https://drive.google.com/open?id=1L9oSBZYReKTHypvdySBgItyXzsCXL2bp",""
"Gujrat","HOMVR","Jamia Masjid Dars Jhulana Mandi Bahauddin","Community Religious Info Share","Markazi jamia Masjid Sadiq akbar","Not Found","","","","2.0","https://maps.google.com/maps?q=32.5337283%2C73.4838909&z=17&hl=en","32.5337283","73.4838909","","","","https://drive.google.com/open?id=1mWVQ1kFfZHSEw7ijRQ55f1ncF5KkcDHB","https://drive.google.com/open?id=1xK2pdMG5wb9sbsVRtsris_JpLwDvJpXA",""
"Gujrat","IPMEE","Jamia Masjid Mandi Bhaludin","Control","Markzi Jamia Masjid Railway Road Mandi Bahauddin","Mulana Abdul Majid","1933.0","","","2.0","https://maps.google.com/maps?q=32.5864601%2C73.4900294&z=17&hl=en","32.5864601","73.4900294","","","","https://drive.google.com/open?id=1yBAs75IR4J8fbY4CQ8-51yvf149fOCD-, https://drive.google.com/open?id=1BK9N1IPOhg52CyF3d51axYbs2skZxYB0","https://drive.google.com/open?id=1WI5vLCQK1r5Mn01yJfUfAWKGBSCA-urO",""
"Gujrat","ZMBIV","Jamia Masjid Ale Sunnat Main Bazar Malakwaal","Community Secular Info Share","Jamia markazi Masjid ahl e sunnat railway Chowk malakwal","Mulana Muhammad Abrar","1995.0","","","2.0","https://maps.google.com/maps?q=32.5549029%2C73.2125862&z=17&hl=en","32.5549029","73.2125862","","","","https://drive.google.com/open?id=1LobgM7p3DcxAYwr9NHrCgNhDmEq-xSOw","https://drive.google.com/open?id=1jK2Rcu_apHaUS1seJp2VkQ3Um9wdAU5t, https://drive.google.com/open?id=1OStGkkQ4ePS8iBcsNINjdEW4H390-0Ei",""
"Saikot","AKNHZ","Jamia Masjid Darbar Eman Ali Alhaq Sailkot","Control","Jamia Masjid Emam Ali Alhaq Sialkot","Not Found","","","","2.0","https://maps.google.com/maps?q=32.4882583%2C74.5383817&z=17&hl=en","32.4882583","74.5383817","","","","https://drive.google.com/open?id=1ur8FWGCmspeLZOgHtgka3VfOLyuWmbuw","https://drive.google.com/open?id=15s7JlXhj8Q3FTQPlaGi701INPxP1Dngq",""
"Saikot","OIUJI","Jamia Masjid Darbar Chila Ga Kangna Peera Hamal Pura","Community Religious No Info Share","Jamia Masjid Dabar Cila Ga KangnaPeera Ahmal Pura Sialkot","Not Found","","","","1.0","https://maps.google.com/maps?q=32.6707567%2C74.5707033&z=17&hl=en","32.6707567","74.5707033","","","","https://drive.google.com/open?id=15mUkmgvLthZHhDrA5le5yJn6l8VooUTT","https://drive.google.com/open?id=1FfjSQOIkXUx0O8p9ieIoOiWa_j66chcf",""
"Saikot","OYFUJ","Jamia Masjid Unchee PansaRiya Sailkot","Control","Jamia Masjid Unchee Pansariyan Sialkot","Not Found","","","","2.0","https://maps.google.com/maps?q=32.4924412%2C74.5390548&z=17&hl=en","32.4924412","74.5390548","","","","https://drive.google.com/open?id=1k2Zy4yyVDpbv_GzwByc3H6sKNBLvzOX-","https://drive.google.com/open?id=11Ug7wCrug_-5fLyi72rh5j4xRtCQZz7S",""
"Saikot","PCBOQ","Jamia Masjid Safdariya Rangupura Sailkot","Women Secular No Info Share","Jamia masjid safdariya rangpura sialkot","Qari Muhammad saleem","1994.0","","","2.0","https://maps.google.com/maps?q=32.4948115%2C74.5621511&z=17&hl=en","32.4948115","74.5621511","","","","https://drive.google.com/open?id=1ZyZvfCxCln5j--uBznvHFg0mUKshyrlH","https://drive.google.com/open?id=1K7Fw_gzV-wPdEp1AEKJduscKYzWtcRlZ",""
"Saikot","DKDED","Jamia Masjid Darbar Peer Milah Reheem Pura Kachian, Tehsil & District Sialkot","Community Secular No Info Share","Jamia Masjid Darbar Peer Milah Reheem Pura Kachian, Tehsil & District Sialkot","Parvaiz Iqbal","2005.0","Peer malah","","2.0","https://maps.google.com/maps?q=32.5489782%2C74.5487986&z=17&hl=en","32.5489782","74.5487986","","","","https://drive.google.com/open?id=13p_goAQct7KhxsyjwJOOs4f5wCejR0uh","https://drive.google.com/open?id=12De6V-GYjqqAZVfw9rQHFe7shPS7Y6vQ",""
"Saikot","DGOHD","Jamia Masjid Darbar Abdul Salam Chisti Shakarghar","Women Secular Info Share","Jamia Masjid Darbar Abdul Salam chishti Musroor Shakargarh","Qari Muhammad Riaz","2002.0","Peer Abdul slam chishti","","1.0","https://maps.google.com/maps?q=32.3261997%2C75.3006909&z=17&hl=en","32.3261997","75.3006909","","","","https://drive.google.com/open?id=1W9cTMzJUGIto5c2vBD81QLvkRtcDSvWG","https://drive.google.com/open?id=1n5J6O8VFGw2AVuTlbqRcdb2o0u1_1GeY",""
"Saikot","OHBDV","Jamia Masjid Noor Shakarghar","Women Secular No Info Share","Jamia Masjid Noor  shakar garh","Molana Abdul Razaq","1965.0","","","1.0","https://maps.google.com/maps?q=32.2635931%2C75.1662053&z=17&hl=en","32.2635931","75.1662053","","","","https://drive.google.com/open?id=1DgMZOT4N2NVhegCHDzajarK1l2G_xD-m","",""
"Saikot","QLXFF","Jamia Masjid Darbar Qutab Shah Wali Narowaal","Women Secular No Info Share","Qutab Shah wali masjid","Not Found","","","","1.0","https://maps.app.goo.gl/JANsph5o58rwKjzq8","32°05'47.1","74°52'48.9","","","","https://drive.google.com/open?id=1101oG7TG3wlceoQCEdFlH8bfILiA4hte","https://drive.google.com/open?id=1Wq_qH2W793Iht8HuuSnmlYk2ffuajcWG",""
"Shiekhpura","XBFUU","Jamia Masjid Syeda Muridke Shiekhupura","Community Religious No Info Share","Jamia masjid syeda muridka","M. Fiaz Rizvi","1956.0","","","2.0","https://www.google.com/maps?q=31.8018788,74.2533168","31.80188","74.25332","","","","https://drive.google.com/open?id=1yp0_ok3jsVtEj3qrtFoTWF_ctfMourq8","https://drive.google.com/open?id=1OCdKsVx_dIhQijkUuiEDhX8ps_Q409Ki",""
"Shiekhpura","ZJBWK","Jamia Masjid Masa Dewaan Shiekhupura","Control","Jamia masjid Musa Dewan","Hafiz Muhammad Sajid qamer","1980.0","Shah masa deewan","","2.0","https://www.google.com/maps?q=32.0023524,74.5603179","32.00235","74.56032","","","","https://drive.google.com/open?id=1uUIzKapQdCufoyAjwHNwB8NuhMc8aHTA","https://drive.google.com/open?id=1xNw8Yk6hhh-FRLpIEAo2cQ8RaLXcWGNJ",""
"Shiekhpura","UPUVS","Jamia Masjid Amaam Bargha Kala Kachari Shiekhupura","Community Religious No Info Share","Jamia Masjid Imam bargah kalan kachary sheikhupura","Sayed M hadhi al husaini","1950.0","","","2.0","https://www.google.com/maps?q=31.7864383,73.9766717","31.78644","73.97667","","","","https://drive.google.com/open?id=14MFO8hiim9IqEaZKnGdv0CYman08-YU5","https://drive.google.com/open?id=18geZxzFoCRkfa2VF1THh7LKJRgn2eQ87",""
"Shiekhpura","CKLBK","Jamia Masjid Qalander Shah Shiekhupura","Community Secular No Info Share","Jamia masjid qalandar shah","Muhammad Tahir","1953.0","Qalander shah","","2.0","https://www.google.com/maps?q=31.8714506,74.5247006","31.87145","74.5247","","","","https://drive.google.com/open?id=1ssgJLVOPIw-LXyu0hQjJWrXeOS_g5brJ","https://drive.google.com/open?id=1BDhjMuz-d4Cm3X4ZTq_1jql_rQL61OxU",""
"Shiekhpura","HNZOG","Jamia Masjid Mirza Ourkaan Shiekhupura","Control","Jamai masjed Mirza ourkaan Sheikupura","Mulana Muhammad Ahmed","2007.0","","","2.0","https://www.google.com/maps?q=31.7166863,73.9679537","31.71669","73.96795","","","","https://drive.google.com/open?id=1wG29YCpZkWChvNKgjNWYexf2CyuWZOqM","https://drive.google.com/open?id=1KjtzrwJdWxQGysgO7dDNRIwi-LQgjRgj",""
"Shiekhpura","GARUU","Jamia Masjid Farooka Abaad Shiekhupura","Women Secular No Info Share","Jamia Masjid Farooq Abad auqaf wali Sheikhupura","Zafar iqbal","1890.0","","","2.0","https://www.google.com/maps?q=31.7409573,73.8311323","31.74096","73.83113","","","","https://drive.google.com/open?id=1HmAKCBk05PDeOZpzpQf-HSeIviSNtU7j","https://drive.google.com/open?id=1pLDNfadBTvpEySYyi0sq8oSWJUezq_-1",""
"Shiekhpura","INGWH","Jamia Masjid Railway Road Shiekhupura","Community Secular No Info Share","Jamia Masjid Railway Road Sheikhupura","Dr M. Usman","1890.0","","","2.0","https://www.google.com/maps?q=31.7134701,73.980049","31.71347","73.98005","","","","https://drive.google.com/open?id=1OPaxrmCgZK7VNTN9jQLs1fu8AZMtF6Mz","https://drive.google.com/open?id=14vbFK4GZUywQnuN0tWxzgOna9KRitd-X",""
"Shiekhpura","dszhx","Jamia Masjid Kachari Shiekhupura","Community Secular Info Share","Jamia Masjid Auqaf wali session court kachary  sheikhupura","Qari Maqbool elahi","1970.0","","","2.0","https://www.google.com/maps?q=31.7125553,73.9844509","31.71256","73.98445","","","","https://drive.google.com/open?id=1OLhB5AqkNJ_F9DTHXjQ6LrhjLARsgOUB","https://drive.google.com/open?id=18sTxYVoR2V_j87J91eWm1SoIz2uWSX-l",""
"Sargodha","LTSEN","Shahe Masjid Chiniot","Community Religious No Info Share","شاہی مسجد چنیوٹ","Not Found","","","","2.0","https://www.google.com/maps?q=31.7201784,72.9772104","31.72018","72.97721","","","","https://drive.google.com/open?id=1Iifkb2P8Y4nq8xg0NL-voX5LULJkekwP","https://drive.google.com/open?id=188p23_zJQW4EfyXob-rUzkf2X0cgQK6S",""
"Sargodha","VNCJQ","Jamia Masjid Satellite Town","Community Religious No Info Share","Markazi Jamia Masjid Satellite Town Sargodha","Muhammad Abdullah","1954.0","","","2.0","https://maps.google.com/?q=32.0846977233887,72.6904144287109","32.0847","72.69041","","","","https://drive.google.com/open?id=10XaR1Ab3Bv_v7bwDXpMer6wVYJUgIv71","https://drive.google.com/open?id=1WCSbUkB9ro7OHdW800JIkoZVmts-Wiuc, https://drive.google.com/open?id=1E5ltVibeHyOwsOgfnSFo0HE9kjtMYTwE",""
"Sargodha","OBNTR","Jamia Masjid Main Bazar Bhahwal","Community Secular Info Share","مرکزی جامع مسجد اہلِ سنت والجماعت","Qari M Abu bakar","1905.0","","","2.0","https://maps.google.com/?q=32.2664877,72.903632","32.26649","72.90363","","","","https://drive.google.com/open?id=1TjcN9mTneladIePIrNoZFTs5Tc3Rcls3","https://drive.google.com/open?id=14mEnx_pyiqNGAK6izg95pmJEcIRt8LDQ",""
"Sargodha","WWWQH","Jamia Masjid Sakhi Suleman Noori Hazuri","Control","Jamia masjid sakhi shah suleman noori hazoori bhalwal","Not Found","","","","2.0","https://www.google.com/maps?q=32.2730641,72.8746618","32.27306","72.87466","","","","https://drive.google.com/open?id=1j9Rl721qbSgoHWvED1jDlbfVj1ILZ0LL","https://drive.google.com/open?id=1v7EFQCalHHMLbPP7HMigf0bY_MH7efe1",""
"Sargodha","HHMBL","Jamia Masjid Galah Mandi Bhalwal","Women Religious Info Share","Jamia masjid galah mandi bhalwal","Iftikhar Ahmad","1975.0","","","2.0","https://www.google.com/maps?q=32.266441,72.9051484","32.26644","72.90515","","","","https://drive.google.com/open?id=1VLdrZw1jLoJ3fqSOAWmqddq07rccHXlA","https://drive.google.com/open?id=12Cu0f2FYzx3953vFMwN_icmWBXhQ2GKx",""
"Sargodha","JTMUR","Jamia Masjid Phalarwaan Sargodha","Control","Jamia masjid phularwan sargodha","anees ur rahman","1932.0","","","2.0","https://www.google.com/maps/search/Punjab/@32.3531608581543,73.0109939575195,17z","32.35316","73.01099","","","","https://drive.google.com/open?id=1XUBoUG7y2WhuAmWzracbbeRvDzJUqrdz","https://drive.google.com/open?id=1WNVZRwYVuw_CP2Im9_9FVmdiig9Pe1c4",""
"Sargodha","PMXOX","Jamia Masjid Block # 1 Sargodha","Women Secular No Info Share","Jamia masjid block#1 sargodha","Muhammad affan","1899.0","","","2.0","https://www.google.com/maps?q=32.0854693,72.6673267","32.08547","72.66733","","","","https://drive.google.com/open?id=1oktqcfeKexYsw_rCtvQWP6GDLqzMVWCo","https://drive.google.com/open?id=1cnpBYc_1Un7OFDUkgoA6uBhSUuYf0uUl",""
"Sargodha","UIODJ","Jamia Masjid Zia Muzam Abaad Kot Mumin","Community Secular Info Share","Jamia masjid zia","Qari Muhammad Nawaz","1932.0","","","1.0","https://www.google.com/maps/place/32%C2%B009'14.9%22N+72%C2%B055'13.3%22E/@32.1541443,72.9177742,17z/data=!3m1!4b1!4m4!3m3!8m2!3d32.1541443!4d72.9203491?entry=ttu&g_ep=EgoyMDI0MTAxNi4wIKXMDSoASAFQAw%3D%3D","32.15414","72.92035","","","","https://drive.google.com/open?id=16IMlOm6xS4rbWeuI7gI-CAbkhIND6wac","https://drive.google.com/open?id=1Pa8jxSiNSNHvV8796frRZPauP5q6VoXH",""
"Sargodha","PALOG","Jamia Masjid Ashrafia Gol Chowk Sargodha","Women Religious No Info Share","Jamia masjid ashrafiya gol chok","Hafiz abdul wahid","1956.0","","","2.0","https://maps.google.com/?q=32.0872034,72.6633718","32.0872","72.66337","","","","https://drive.google.com/open?id=1YVrdlw2GkZb-JoJPgVLelwWPLW5A_BzD","https://drive.google.com/open?id=1GLzbff-eXsn9VzdYCxBf_vADZC9gaCdD",""
"Sargodha","VYRME","Jamia Masjid Chakwali Darwaza Behra","Control","Jamia Masjid Chakwali Darwaza Behra","kayfait ullah","2003.0","","","1.0","https://www.google.com/maps/place/32%C2%B015'59.5%22N+72%C2%B054'12.2%22E/@32.2665196,72.9008033,17z/data=!3m1!4b1!4m4!3m3!8m2!3d32.2665196!4d72.9033782?entry=ttu&g_ep=EgoyMDI0MTAwMS4wIKXMDSoASAFQAw%3D%3D","32.26652","72.90338","","","","","",""
"Sargodha","QPSTQ","Jamia Masjid Gulzar Madina 43 Shamali Lari Adah","Community Secular Info Share","Jamia masjid gulzare madina 43 shumali sargodha","Not Found","","","","2.0","https://www.google.com/maps?q=32.0767783,72.6983749","32.07678","72.69837","","","","https://drive.google.com/open?id=1xWnfUDtao70QHFbtZsnfx8nOfBNes5K4","https://drive.google.com/open?id=1Yi-VhjfvlyM1DaJaN1kt8Cvn1vhFgJOT",""
"Sargodha","EBSPQ","Jamia Masjid Galah Mandi Sargodha","Women Religious Info Share","Jamia masjid galah mandi sargodha","Maulana Saif Ullah khalid","1940.0","","","2.0","https://www.google.com/maps?q=32.0853118896484,72.6698379516602","32.08531","72.66984","","","","https://drive.google.com/open?id=1zBxdjSEnk-d9DzeIwodD_T7R1fjOWC0n","https://drive.google.com/open?id=1YzS0YXmkTiMFzV_0khrLKEeR4CaRikk2",""
"Sargodha","LMDFN","Jamia Masjid Company Bhaag Sargodha","Control","Jamia masjid company Bagh sargodha","Mulana Ahmed Hassan","","","","2.0","https://www.google.com/maps?q=32.0838981,72.664355","32.0839","72.66436","","","","https://drive.google.com/open?id=1EH8Rno9C-NygMGf4aoFjOEBgxsHyRvbz","https://drive.google.com/open?id=1nAnJVI59rc1gvUcdOQvLrognh9msnDq8",""
"Khushab","OSGNP","Jamia Masjid Main Bazar Khushab","Control","Markazi jamiya msjid maine bazar khushab","Not Found","","","","2.0","https://www.google.com/maps/place/Markazi+Jamiya+Masjid,+Main+Bazar,+Khushab/@32.2941191,72.3500458,17z/data=!4m15!1m8!3m7!1s0x3921162597ce503b:0x2f7ee49841d4b080!2sKhush%C4%81b,+Khushab,+Punjab!3b1!8m2!3d32.2955365!4d72.3488721!16zL20vMDl4bHBr!3m5!1s0x3921163f768b6801:0x64603c0b00fa7cc!8m2!3d32.2935515!4d72.3538443!16s%2Fg%2F1hhwkx8wx?entry=ttu&g_ep=EgoyMDI0MTAwMS4wIKXMDSoASAFQAw%3D%3D","32.29355","72.35384","","","","https://drive.google.com/open?id=13-e0QourTePWt4Kp2zbtuX3OR_aU5GRa","https://drive.google.com/open?id=1ZgToLWUpFYY1Pz0UUOl_y5_C__vMvXsy",""
"Khushab","BJNGP","Jamia Masjid Gulzar Madina Dariya Khan Bhakar","Control","Jamia masjid gulzar madina","Allah Baksh","1940.0","","","1.0","https://www.google.com/maps?q=31.7884292,71.1076099","31.78843","71.10761","","","","https://drive.google.com/open?id=16F058S3ofRLijGkEUOIYMfcU4Q8WDTTC","https://drive.google.com/open?id=1gwGulCrdkF7Tc_ff6HejnsfK3JrVTecM",""
"Khushab","JIUKS","Jamia Masjid Syed Noor Pur Thal","Control","مرکزی جامع مسجد دربار شریف حضرت بابا سخی سید محمد سید شاہ","Qari Muhammad Ismail Syalvi","1810.0","Hazrat Baba Sakhi Seyed Muhammad Said Shah","","1.0","https://www.google.com/maps?q=31.8793269,71.9037529","31.87933","71.90375","","","","https://drive.google.com/open?id=1wG29YCpZkWChvNKgjNWYexf2CyuWZOqM","https://drive.google.com/open?id=1zqvaFKnbCUOgZvA5h7GXyadZqC-nKg3p",""
"Khushab","GXKKX","Jamia Masjid Darbar Badshah Khushab","Community Religious Info Share","Jamia masjid darbar badshan","Qari Mehmood ul Hasnain","1800.0","Badshan sarkar","","2.0","https://www.google.com/maps?q=32.28773,72.3526019","32.28773","72.3526","","","","https://drive.google.com/open?id=1HQJHm8YiVb_kiuSdvrKexHSGOMMVj27K","https://drive.google.com/open?id=1GpvAoCPvg9Z_npesaqGCA-9dn3kkDssu",""
"Muzaffargarh","kezga","Jamia Masjid Abdulah Shah Bukhari Muzaffargarh","Women Religious Info Share","Jamia Masjid Abdulah Shah Bukhari Chowk Qureshi Muzaffargarh","riaz hussain","1984.0","Syed peer abdullah shah bukari","No","2.0","https://maps.google.com/?q=30.0758417,70.9654317","30.07584","70.96543","","","","https://drive.google.com/open?id=1qDptjGhCycjyNnkO9E7bq2czvI_h_Ry2","https://drive.google.com/open?id=1QfCnVRaenEgvHnahznJPc-wHIYrve0qE",""
"Muzaffargarh","lyoix","Jamia Masjid Darbar Laal Ehsan (Ahle Sunnat )","Control","Jamia Masjid darbar laal Ehsan","Not Found","","","No","2.0","https://maps.google.com/?q=31.2287769,70.9514165","31.22878","70.95142","","","","https://drive.google.com/open?id=1MSSIljUT9AO3es0u7kgBujoyxgz9WRcD","https://drive.google.com/open?id=1kCATXlU4BMiwHITJoR28s3mdJghhr0jP",""
"Muzaffargarh","aptdt","Jamia Masjid Darbar Muhammad Ali Rajan Shah Layyah","Control","Jamia Masjid Darbar Muhammad Ali Rajan Shah Layyah","Tahir Raza","1770.0","Ali Rajan Shah","No","2.0","https://maps.google.com/?q=31.146174,70.9302588","31.14617","70.93026","","","","https://drive.google.com/open?id=1JIX1NCXBBj2gtYgryzO22l_e_LDad2JB","https://drive.google.com/open?id=14mjJnCRqhzhDqdoZpDgl3sicLHV4uxkn",""
"Muzaffargarh","gydmp","Jamia Masjid Anayat Shah Bhukari Layyah","Women Religious No Info Share","Jame Masjid Anaeytia Darbar Hazrat Anayet Shah Bukhari","Muhammad Fiaz Naeem","1987.0","Hazrat Anayet Shah Bukhari","No","2.0","https://maps.google.com/maps?q=31.1440939%2C71.2789281&z=17&hl=en","31.14409","71.27893","","","","https://drive.google.com/open?id=1qqIKQ4DsKIv2VdW9a9mxwZEOrtYMzWsu","https://drive.google.com/open?id=1ogogmJ8jvjaDNeOJpILJCh_S7Wv6kWdL",""
"Muzaffargarh","ityep","Jamia Masjid Darbar Shamsher Shah Safri Layyah","Women Secular No Info Share","Jamia Masjid Shamsher Shah Safri","Muhammad Ramzan","1985.0","Hazrat Shamsher Shah Safri","No","2.0","https://www.google.com/maps/place/30%C2%B053'04.0%22N+71%C2%B039'56.7%22E/@30.8844519,71.6631751,17z/data=!3m1!4b1!4m4!3m3!8m2!3d30.8844519!4d71.66575?entry=ttu&g_ep=EgoyMDI1MTExNy4wIKXMDSoASAFQAw%3D%3D","30.88445","71.66575","","","","https://drive.google.com/file/d/1KgtZsC0h19ZvifsE_OQS4Mv4iuyqwpU-/view","https://drive.google.com/open?id=1TX2FWrEvnZLhOhUjC78YhpCqRddFNirx, https://drive.google.com/open?id=1KgtZsC0h19ZvifsE_OQS4Mv4iuyqwpU-, https://drive.google.com/open?id=1xkTIZjTcfgc9o_Z-cgOR9dzs19R8m28c, https://drive.google.com/open?id=1VsC2FQSqokx7muAUH9wyRASF31elpIv7",""
"Muzaffargarh","tjbax","Jamia Masjid Darbar Saki Shah Habib Layyah","Women Secular No Info Share","Jamia Masjid darbar saki shah habib layyah","abdul hameed","","Saki Shah Habib","No","1.0","https://www.google.com/maps?q=30.9415533,70.9322","30.94155","70.9322","","","","https://drive.google.com/open?id=1M1qVLgUCUz3zv1BNLH3w8Frlz2mAfrQH","https://drive.google.com/open?id=1ymGS4Xr-2bm5fnZ0YSeya3ED-Sb7ShFH",""
"Muzaffargarh","uxump","Jamia Masjid Darbar Abdul Wahaab Shah Bukhari Dera Deen Pnah, Kot Addu","Community Secular No Info Share","Jamia Masjid Abdul wahab Shah bukhari  deera deen pnnah kot addu","qari habibullah","1960.0","Abdul Wahaab Shah Bukhari","No","1.0","https://www.google.com/maps/place/HWCP%2B4RQ,+Daira+Din+Panah,+Muzaffargarh,+Punjab/@30.5701574,70.9369437,17z/data=!4m5!3m4!1s0x3925162106dc9949:0x177a01b1cd2e979e!8m2!3d30.5703375!4d70.9371094?entry=ttu&g_ep=EgoyMDI0MTEwNS4wIKXMDSoASAFQAw%3D%3D","30.57034","70.93711","","","","https://drive.google.com/open?id=1EIu_TIIll3bDeHzej9nEp0ayzPRteegh","https://drive.google.com/open?id=1EkoOm3GzXDpn1bkt8H_ufhE2uAW4ruWA",""
"Muzaffargarh","xaluj","Jamia Masjid Darbar Mehab Faqeer Ali Muzaffargarh","Control","Jamia masjid Mohib faqeer","maulana firoz ahmed","2004.0","Hazrat Mehab Peer sarkar RA","Yes","1.0","https://maps.google.com/maps?q=29.3448033%2C70.8380017&z=17&hl=en","29.3448","70.838","","","","https://drive.google.com/open?id=1MobpELwlPuvqK-22wmUU7uWW02_cnBWt","https://drive.google.com/open?id=14O0xLLRX-aSFYDyoOObhZ8dNMApyI0sK",""
"Multan","dodav","Jamia Masjid Nawab Ali Muhammad Khan Multan","Control","Nawab Muhammad Ali khan wali masjid","M shafqat javed","1171.0","","No","2.0","https://maps.google.com/maps?q=30.192173%2C71.4720247&z=17&hl=en","30.19217","71.47202","","","","https://drive.google.com/file/d/1lnNjRkP_NxELM6hKw1uIEdBc9N8pZyH9/view","https://drive.google.com/open?id=1ukay8KLqNH3LolhU8xO3_fWTt-5O46B9, https://drive.google.com/open?id=1lnNjRkP_NxELM6hKw1uIEdBc9N8pZyH9, https://drive.google.com/open?id=1X1YaJl6d9a_657utw-TqlBpXUeVpLqKU",""
"Multan","ctopi","Jamia Masjid Zain Ul Abdain Multan","Control","Zain ull abidin0","maulana fayazuo hassan","1730.0","Syed Sakhi Zain ul Abideen (R.A.)","No","2.0","https://goo.gl/maps/wqRxtfXKwtn7eZFz9","30.19057","71.471095 (approx)","","","","https://drive.google.com/open?id=1wnOcqZzLQ4UhQgJkn5nVZLNtlolU0BV0, https://drive.google.com/open?id=1bu9j_fDYaMATRjZCb_p5cbTxtP5HZX4N, https://drive.google.com/open?id=1X6GCV_HBMzRSZUp4o2mY71fLeo7Arrgg","https://drive.google.com/open?id=10BtvzO-AF5hmF_0_MlGIpsKlJDsgo1rZ, https://drive.google.com/open?id=1FDAwfUAB8a9zY8vcyAcixcQpxGHq9VpH, https://drive.google.com/open?id=10cssJyDSDdZXaK2tBQH3zQrumKqU8V99",""
"Multan","zyeln","Jamia Masjid Peer Ashaq Khawani Burj Multan","Control","Jamia Masjid Peer Ishaq","Hafiz Muhammad haroon hashmi","1947.0","","","2.0","https://www.google.com/maps?q=30.18822,71.4762925","30.18822","71.47629","","","","https://drive.google.com/open?id=1u8Pc_sVkp4Mp0nBDRLZv1uoeIJQnUDIe","https://drive.google.com/open?id=1TG_IB3HJd7eOcKkcHZEyYZTyXEGX5TqA",""
"Multan","vqubm","Jamia Masjid DarkhanWali Multan","Women Secular No Info Share","Qadeemi Jamia Masjid Darkhana Wali","Qari Muhammad Hashim","1910.0","","No","2.0","https://maps.google.com/?q=30.1905125,71.469755","30.19051","71.46976","","","","https://drive.google.com/open?id=1WTWBNblOEX8jWr0Xc-Mjn1VCiOGpxdvg","https://drive.google.com/open?id=1EyDdBEW6YDP89LQqx_AQ-qQc7sBLfAk8",""
"Multan","iprwe","Jamia Masjid Jalal Gilghast Coloney Multan","Control","Markzi jamia jalal masjid","moulana m saeed","1930.0","","No","2.0","https://www.google.com/maps/place/30%C2%B013'40.5%22N+71%C2%B028'32.0%22E/@30.2279235,71.4729724,17z/data=!3m1!4b1!4m4!3m3!8m2!3d30.2279235!4d71.4755473?entry=ttu&g_ep=EgoyMDI1MTExNy4wIKXMDSoASAFQAw%3D%3D","30.22792","71.47555","","","","https://drive.google.com/open?id=1uILVb0RartIc9KB9f9QLD25mNaiQ5Ca3","https://drive.google.com/open?id=1lUzs3z6r8bCilWpmJKPQpjr0ckFi_6dX",""
"Multan","hjrmq","Jamia Masjid Neel Garan Multan","Community Religious Info Share","Masjid Neel garan","Not Found","","","No","2.0","https://maps.google.com/maps?q=30.1919452%2C71.4781486&z=17&hl=en","30.19195","71.47815","","","","https://drive.google.com/open?id=1GXqQBnvX0qDowdn2n5HrQ4P1IJIn2Nua","https://drive.google.com/open?id=1TmcG3kLRpUiU8cyevBQgdrOkRjXOqK0_",""
"Multan","ndsnq","Jamia Masjid Darbar Sultan Ahmad Qataal Jalaal Pur Peer Wala Multan","Community Religious Info Share","جامع مسجد پیر قتال جلالپور پیروالا","Muhammad Nadir Abbas","1933.0","Sult	an Ahmad Qataal Jalaalpur","No","2.0","https://maps.google.com/maps?q=29.5049032%2C71.2241351&z=17&hl=en","29.5049","71.22414","","","","https://drive.google.com/open?id=1IS47gzB1HSQI1EBBpyHZ4rVvRin89Fsd","https://drive.google.com/open?id=1jWQ_5mhV2hL0PFrcCI49csttJOc4aqH5",""
"Multan","dyrjs","Jamia Masjid Peer Ismail Multan","Community Secular Info Share","Jamiya Masjid Peer Ismail wali","Not Found","","","No","2.0","https://www.google.com/maps?q=30.0721967,71.4941983","30.0722","71.4942","","","","https://drive.google.com/open?id=1xAbDp9vyZe5O3i556353W8CoLSEK97Xp","https://drive.google.com/open?id=1moLXAfY3QRycXaZYqoFZmDXvmW47zIr9",""
"Multan","cfhon","Jamia Masjid Ghawajagaan Multan","Women Secular Info Share","Jamia masjid ghawajagaan Multan","Mulna abdulhanan haideri","1980.0","","","2.0","https://maps.google.com/maps?q=30.1888693%2C71.4727359&z=17&hl=en","30.18887","71.47274","","","","https://drive.google.com/open?id=1pg3HMuV6UjgkSrVov8ERw2L2SrxPCEJD","https://drive.google.com/open?id=1avJCMWH__bjahLD_9bqhxz3UU9k90cUT",""
"Multan","dqmjv","Jamia Masjid Peer Mubarak Ali Shah Multan","Control","Jamia masjid peer Mubarak Ali shah","ghulam fareed","1988.0","peer mubarak ali shah","Yes","2.0","https://maps.google.com/maps?q=30.1728005%2C71.4713214&z=17&hl=en","30.1728","71.47132","","","","https://drive.google.com/open?id=1pxrEH4UWL2aosz_geTYWs4Ya92NmuKvz","https://drive.google.com/open?id=1HHxIyE7IJMIaqJdbJaY407uvVMUgHJYV",""
"Multan","lirqw","Jamia Masjid Kareem Khan Ahle Hadees Multan","Community Religious No Info Share","Jamia Masjid Kareem Khan Ahle Hadees Multan","Not Found","","","No","2.0","https://goo.gl/maps/wqRxtfXKwtn7eZFz9","30.20117","71.46691 (approx)","","","","https://drive.google.com/open?id=1blD-CZ-t4cbnfUmlN_fUt2yMHAcVJO99","https://drive.google.com/open?id=1FKVSmPBGmBL6k6iAh-rGHloUwwRj5MgC",""
"Multan","sqnot","Jamia Masjid Multan Cantt Multan","Control","Jamia masjid Lal","Qari Haroon Hashmi","1962.0","","No","2.0","30°11'17.1""N 71°26'17.8""E - Google Maps","","","","","","https://drive.google.com/open?id=1ErNmqQZw4jtCJpl-F1zmkpe5aEeDieN8","https://drive.google.com/open?id=1vC2oPZFwnsHE0RC9JtgBBi96nam1_GEw",""
"Multan","cqxog","Jamia Masjid Mehdum Rasheed Haqani Multan","Community Secular Info Share","Jamia masjid mehdam Rasheed haqani","Maulana hameed raza","1910.0","Abdul rasheed jhugyani","No","2.0","https://maps.google.com/maps?q=30.0864226%2C71.6527768&z=17&hl=en","30.08642","71.65278","","","","https://drive.google.com/open?id=1IP5FYOAqTJ5xOdQZ-s1ZZRTTpUtGhewE","https://drive.google.com/open?id=1qz-YqYnQenonsg5gS3JsJ5DydaG417eL",""
"Multan","uleit","Jamia Masjid Kabotar Mandi Multan","Community Secular No Info Share","Jamia Masjid kabotar Mandi","Qari Abid","1956.0","","No","2.0","https://maps.google.com/maps?q=30.1932817%2C71.4714104&z=17&hl=en","30.19328","71.47141","","","","https://drive.google.com/open?id=1lFIOSYqmQHqOB82OFt87auKwqSbjEMQU","https://drive.google.com/open?id=1lkl4yW4HXRiIXmtI9h9PnnYhomuQHDK1",""
"Multan","wpxts","Jamia Masjid Jahnaaz Gha Multan","Women Religious Info Share","قدیمی جامعہ مسجد جنازہ گاہ نشاط روڈ لوہا مارکیٹ ملتان","Qari muhammad zafar","1930.0","","Yes","2.0","https://www.google.com/maps?q=30.1842724,71.4677191","30.18427","71.46772","","","","https://drive.google.com/open?id=1D0pk7pik7O666D_pTRAjnmZQ0QcOHAVu","https://drive.google.com/open?id=16VVwR17LQw761QY7xxJML7rZVKFZKgIf",""
"Multan","zrpyu","Jamia Masjid Jhok Veenus Multan","Community Secular Info Share","Jamia masjid jhoke veenus Multan","Maulana Hakim ali","1964.0","","No","2.0","https://www.google.com/maps/place/30%C2%B023'24.9%22N+71%C2%B034'13.5%22E/@30.3902399,71.5678348,17z/data=!3m1!4b1!4m4!3m3!8m2!3d30.3902399!4d71.5704097?entry=ttu&g_ep=EgoyMDI0MTEwNS4wIKXMDSoASAFQAw%3D%3D","30.39024","71.57041","","","","https://drive.google.com/open?id=1pZFDjk4zp9XjXuVXk3q6vwFW4a8KL7v5","https://drive.google.com/open?id=1NoIBC0XcDZhoSdP1cociJHkcnu74ni-0",""
"Multan","fxlbt","Jamia Masjid Gul Hassan Shahnawah Multan","Control","Jamia masjid Gul Hassan","Habib ur rehman","918.0","","No","2.0","https://maps.google.com/maps?q=30.19407%2C71.4546925&z=17&hl=en","30.19407","71.45469","","","","https://drive.google.com/open?id=1dzwgaw1MwZX9w9UVpqq0_1PnItn3jZJ4","https://drive.google.com/open?id=1ER0kPQaEaXx-GxZotTgSn9paxLA4eOoe",""
"Multan","hkceb","Jamia Masjid Kumhaar Mandi Multan","Women Secular No Info Share","JAMIA MASJID KUMHAR MANDI","maulana muhmmad abdullah","1967.0","","No","2.0","https://maps.google.com/maps?q=30.1779656%2C71.4440599&z=17&hl=en","30.17797","71.44406","","","","https://drive.google.com/open?id=1gySR9yksba-F_NqTVdtwG55lyFklVAlg","https://drive.google.com/open?id=1cUNuPXgnMDmX9lGx7mf6avUfDS4zTa9K",""
"Multan","nlhtw","Jamia Masjid Shah Shams ( Barlevri ) Multan","Community Secular No Info Share","مسجد سے باہر کو نام نہیں تھا،","maukana m bashir","1330.0","Hazrat Shah Shams Sabzwari","No","2.0","https://maps.google.com/maps?q=30.2014192%2C71.4838604&z=17&hl=en","30.20142","71.48386","","","","https://drive.google.com/open?id=1s2cK-KX4HZnqukYO9Eo4cL9Sz7f8AFb8","https://drive.google.com/open?id=1Zo2oSWGJ9gD0C0TiNFyxdP9acnAQyD1d",""
"Multan","pgvos","Jamia Masjid Khunagran wali Multan","Control","Jamiah Masjid Khangran Wali","Hafiz Muhammad Jaffar","1800.0","","No","2.0","https://maps.google.com/?q=30.1888683,71.4686767","30.18887","71.46868","","","","https://drive.google.com/open?id=13isjZp7cj1R8pA2Wbo6QR_CgL979rcx0","https://drive.google.com/open?id=1sS_f2vGv8F31GbpH4Pzv1PszFXk5XHnh",""
"Multan","wgvns","Jamia Masjid Musa Pak Shaheed Multan","Women Religious Info Share","Jamia Masjid musa pak shaheed","Muhammad Saeed Sarmad","975.0","Musa Pak Shaheed","Yes","2.0","https://maps.google.com/maps?q=30.1905367%2C71.4716567&z=17&hl=en","30.19054","71.47166","","","","https://drive.google.com/open?id=1AgLBMtFAfNCKdSHlFdbviyhV6DMz8ZtT","https://drive.google.com/open?id=1ExUcPITIgZ2vUSu0yrDmaCoh64t3xD4g",""
"Multan","ukyke","Jamia Masjid Madina Bohar Gate Multan","Women Secular No Info Share","Jamia Masjid Madina Bohar Gate","Umam bakhsh","1920.0","","No","2.0","https://www.google.com/maps/search/Haram%20Gate/@30.1905714678631,71.4710957413466,17z","30.19057","71.4711","","","","https://drive.google.com/open?id=118cxc6IzpOk-E9ytAw46kl82fmoRR4zA","https://drive.google.com/open?id=1JtEK1bVgtooIaSCHEjaGyaYFOCVnp9lx, https://drive.google.com/open?id=1sY6Ryc0ORgIP4s3zSACsmPE7HRdZPGlw",""
"Multan","rnksi","Jamia Masjid Mula Abdul Gafurur Multan","Community Secular No Info Share","جامع مسجد ملا عبدالغفور والی، ملتان","moulana rab nawaz","1935.0","","No","2.0","https://maps.google.com/maps?q=30.1915612%2C71.4728007&z=17&hl=en","30.19156","71.4728","","","","https://drive.google.com/open?id=1vGCVmUBB7Gf6bu7IF1wTrEUualbBL17N","https://drive.google.com/open?id=1bVXRQ9IewWJi72rF80yhxtAr8TvDsrHr",""
"Multan","meepx","Jamia Masjid Anayat Walayat Multan","Women Religious Info Share","Jaima masjid anyat walayt Multan","Not Found","1080.0","","No","2.0","https://maps.google.com/maps?q=30.1900445%2C71.4696343&z=17&hl=en","30.19004","71.46963","","","","https://drive.google.com/open?id=1Zfkg8AAvK205Tg5yuC7A2oIPiYYVvnNv","https://drive.google.com/open?id=1IvEst6mNCu1XmaJDDJA7xVmh7PHq_3om",""
"Multan","vbdpl","Jamia Masjid Gul Wali Haram Gate Multan","Community Religious No Info Share","Haji Raheem baksh Mutwali.  Masjid Gull wali","Qari zafar","1932.0","","Yes","2.0","https://maps.google.com/maps?q=30.1882712%2C71.4695481&z=17&hl=en","30.18827","71.46955","","","","https://drive.google.com/open?id=1K_dJou6TL7tm3Brijg6vIniuvsGr1-_i","https://drive.google.com/open?id=1puYbRoRsPJ_ZO9SdYGOJQYZmho2pHrsQ",""
"Multan","oqjmo","Jamia Masjid Baha Ul Din Zikriya Multan","Women Religious No Info Share","Jamia masjid bah ul Deen zakriya Multan OQ","Mulana Muhammad Ramzan","800.0","Bahauddin Zikriya","No","2.0","https://maps.app.goo.gl/cboL6o9SS8evb71K7","30.19511","71.474829 (approx)","","","","https://drive.google.com/open?id=1HZvuhBi2lpyEApsXbtxZyY9iL26cHkk4","https://drive.google.com/open?id=1g8zM4SdbxnzxRIdw5EoLteWdMAs-yx56",""
"Multan","lhgfs","Jamia Masjid Gosha Nasheen Multan","Community Secular Info Share","Jamia Masjid Gosha Nasheen Multan","Qari Muhammad Sohail shafiq","1950.0","Hazrat Syed Ibrahim MUltani almaroof Gosha nasheen","No","2.0","https://maps.google.com/?q=30.1915713,71.4729772","30.19157","71.47298","","","","https://drive.google.com/open?id=1HLc6lzsyWrNz1Ln4BquRIdH9cW4hQC5Z","https://drive.google.com/open?id=1H0L-xZjAL_8hDCl65L10OzuFSJn61pQB",""
"Multan","jbeid","Jamia Masjid Sarai Ghulam Rasool Multan","Women Religious Info Share","Masjid k bahir koi nam NH likha hua tha pr masjid ka nam jamia masjid sarai ghulam Rasool h","M azhar","1887.0","","Yes","2.0","https://maps.google.com/maps?q=30.1888188%2C71.4714961&z=17&hl=en","30.18882","71.4715","","","","https://drive.google.com/open?id=1KMRfwRuHnZuy5NHUhzFGohiP1CYkQ744","https://drive.google.com/open?id=1VfHRaWqXzEyTgkjRer4FIxlbccuhbK2T",""
"Multan","pffes","Jamia Masjid Kale Mandi Multan","Community Secular Info Share","JAMIA masjid kalay mandi","Molana Abdul qadir rizvi","1300.0","Nam maloom ni","No","2.0","https://www.google.com/maps/place/30%C2%B011'32.3%22N+71%C2%B028'14.5%22E/@30.1923015,71.4681203,17z/data=!3m1!4b1!4m4!3m3!8m2!3d30.1923015!4d71.4706952?entry=ttu&g_ep=EgoyMDI1MTExNy4wIKXMDSoASAFQAw%3D%3D","30.1923","71.4707","","","","https://drive.google.com/open?id=1XE1Ilif3NjjYTjhVH-EUHj5KmwaoK9aL","https://drive.google.com/open?id=1kepV7FNWLPScekoQc8PRfbsqXYv3mjVs",""
"Multan","wpqfg","Jamia Masjid Madina Pepal Wali Multan","Control","Madina masjid peopal wali","محمد ساجد چشتی","2008.0","پیر بودلہ شاہ صاحب","No","2.0","https://maps.google.com/maps?q=30.3902399%2C71.5704097&z=17&hl=en","30.39024","71.57041","","","","https://drive.google.com/open?id=1-Y9r4TGWHD82w-IXaYmg_lK90k-ZhQQ_","https://drive.google.com/open?id=1TS5mMoMzqCeaEcEVPe-rA6ecE1O_ZoEy",""
"Multan","akpfn","Jamia Masjid Bakar Abad Multan","Women Secular No Info Share","Yes","Aziz ur rehman","1726.0","","No","2.0","https://maps.google.com/maps?q=30.2041953%2C71.5200364&z=17&hl=en","30.2042","71.52004","","","","https://drive.google.com/open?id=1h5CbVz3oZa2HFtsN7Oo2e-bKjB50WiZ2","https://drive.google.com/open?id=1ya4ECm4wFQOML9htpH4e_tmHF7T7Y2uT",""
"Multan","vreau","Jamia Masjid Phonagra Nawali Multan","Women Secular No Info Share","JAMIA masjid phonagran wali","Molana hafeez u rahman","1910.0","","No","2.0","https://www.google.com/maps/place/30%C2%B011'38.6%22N+71%C2%B028'25.0%22E/@30.1940506,71.4710374,17z/data=!3m1!4b1!4m4!3m3!8m2!3d30.1940506!4d71.4736123?entry=ttu&g_ep=EgoyMDI1MTExNy4wIKXMDSoASAFQAw%3D%3D","30.19405","71.47361","","","","https://drive.google.com/open?id=11e98Musk4qWnoWdLvdHIxkmyvt-ml7aW","https://drive.google.com/open?id=1zqOvC-UgXhjWj6w9eQFXdI92VVUKjOeT",""
"Multan","pxspv","Jamia Masjid Azeem Ul Din Dolat Gate Multan","Community Secular No Info Share","Jamia masjid Azeem ul Deen daolat gate","Dr arshad Balouch","1950.0","Syed azeem ul deen","No","2.0","https://www.google.com/maps?q=30.1976348,71.4792691","30.19763","71.47927","","","","https://drive.google.com/open?id=1J1tcWV2HNEWXV7Bp0OKWLk-j9kKlIdYN","https://drive.google.com/open?id=1YLPIHmoWYADRMfo-o9A15U-YxvbV-zRR",""
"Multan","lvyea","Jamia Masjid Gul Din Coloney Nawah City Multan","Community Secular No Info Share","Jamia masjid gul din","Maulana ghulam Mustafa","1970.0","","Yes","2.0","https://maps.google.com/maps?q=30.1919897%2C71.4549042&z=17&hl=en","30.19199","71.4549","","","","https://drive.google.com/open?id=1SuTFBE5jn-UDUuX7woeyb1Pd7YHdKbQ1","https://drive.google.com/open?id=195PtK_bDAmh-6fkOVab35IQJ4Hr4ByEr",""
"Multan","ojkhv","Jamia Masjid Jagu Wali Jalaal Pur Peer Wala Multan","Control","Jamia masjid jagu wali","محمد اسحاق خان","1940.0","","Yes","2.0","https://maps.google.com/maps?q=29.6305728%2C71.4307954&z=17&hl=en","29.63057","71.4308","","","","https://drive.google.com/open?id=1xLQl_ZSkVlKz5_22SbQNfZ9lZVmHfCZ9","https://drive.google.com/open?id=1jIGLpbDZxGKE9VvEu4_NCkb3EUFkKptr",""
"Multan","jspgw","Jamia Masjid Qasba Mural Multan","Women Religious Info Share","Jamie masjid qasba murral Multan","احسان اللہ","1990.0","","No","2.0","https://maps.google.com/maps?q=29.9852211%2C71.4147549&z=17&hl=en","29.98522","71.41475","","","","https://drive.google.com/open?id=1Ym47fiNEgt7cu2Z2w76GO5tvN43YjHVH","https://drive.google.com/open?id=1NlRTbuXhI0wdRf1gICZsYuZj3Gw5OGL1",""
"Multan","ynbeh","Jamia Masjid Sirajaan Wali Hussain Agahi Multan","Control","جامع مسجد سراجاں حسین آگاہی ملتان","Qari Abdul rehman raheemi","1960.0","","No","2.0","https://www.google.com/maps?q=30.1953384,71.4747022","30.19534","71.4747","","","","https://drive.google.com/open?id=19D1Ast9B10q_aMQyk5Uma0Ggae12fFz2","https://drive.google.com/open?id=1Uq4boy-8BR4S3VRg-Q9mTdXpyxWldVeQ",""
"Multan","yeigp","Jamia Masjid Shah Rukan Alam Multan","Community Religious Info Share","Masjid Darbar  shah Rukne e alam","Faiz ul hassan gillani","1300.0","Hazrat shah rukan e alam","No","2.0","https://www.google.com/maps?q=30.1998957,71.4709369&z=17&hl=en","30.1999","71.47094","","","","https://drive.google.com/open?id=1vWEWTZBdhUJhZa4Qg0G_hqBOib929ErW","https://drive.google.com/open?id=1-vuOQvonXRZo7elwwmSj6hTwFnq5Bks-",""
"Multan","anrol","Jamia Masjid Balochaan Wali Multan","Women Religious Info Share","Jamia Masjid Balochan Vali, Khoni Burj Multan","Qari muhammad ibrahim","2004.0","","No","2.0","https://maps.app.goo.gl/F3rEtYsCERKCV2t69","30.18693","71.47532","","","","https://drive.google.com/open?id=13ST8-c4zQ4aWd5b-kD0WE3gQeU25cUpV","https://drive.google.com/open?id=1qTbERFhWJX3JOHN2yb7ZyLvADA5HcKEW",""
"Multan","qkgih","Jamia Masjid Qasabaan Wali Multan","Women Secular Info Share","مسجد مدینہ/جامع مسجد قصاباں والی ملتان","Muhammad Ramzan cheshti","1940.0","","No","2.0","https://maps.google.com/?q=30.1916734,71.4711067","30.19167","71.47111","","","","https://drive.google.com/file/d/1PmOM4RnRyYFtOt8QWjby7R922eEDjKZE/view?usp=drive_link","https://drive.google.com/open?id=1sfa6GjZXVXhP6b4t6zfO33FZfsUHSRUC",""
"Khanewal","dpaxp","Jamia Masjid Habib Allah Shah Baghdadi Khanewal","Control","Jamia Masjid Habib ullah shah bagdadi","Sayed Rashid safdar","1900.0","hazrat shah Habib Allah shah Bagdadi","No","2.0","https://maps.google.com/maps?q=30.30992257%2C71.92489921&z=17&hl=en","30.30992","71.9249","","","","https://drive.google.com/open?id=1PhINBR49bnkB5GTD4dw8abI8tzwd_w6v","https://drive.google.com/file/d/1_Wxi1WlFei1aoHxn6SfXeBgxAbCBBO3Z/view?usp=drive_link",""
"Khanewal","bgzlc","Jamia Masjid Allah Daad Trust Jahaniya Khanewal","Control","Jamia Masjid Allah Daad Trust Jahaniya Khanewal","Molana Muhammad ishfaq","1925.0","","Yes","2.0","https://maps.google.com/maps?q=30.038286%2C71.8147975&z=17&hl=en","30.03829","71.8148","","","","https://drive.google.com/open?id=1i13_5fk_0CkXELgn2e-ZsFonow7S4L2T","https://drive.google.com/open?id=1X9D9aOKSFre9sv9Yu-GVuaqFrAYaZ3QR",""
"Khanewal","frmfu","Jamia Masjid Markazi Eid Gah Khanewal","Women Secular Info Share","jamia Masjid markazi Eid Gah khanewal","Not Found","1963.0","","No","2.0","https://maps.google.com/maps?q=30.2979649%2C71.9208273&z=17&hl=en","30.29796","71.92083","","","","https://drive.google.com/open?id=1S3hWrP0DQaicFd3PV2fr8ZDKtNuXIbXC","https://drive.google.com/open?id=1j9CQIbAjT7WSFapeF_msIs8xhPqU6Mb8",""
"Khanewal","rtfez","Jamia Masjid Gaalah Mandi Khanewal","Women Secular Info Share","Jamia Masjid Gaalah Mandi khanewal","Muhammad ishfaq","1908.0","","No","2.0","https://maps.google.com/maps?q=30.3024802%2C71.9200804&z=17&hl=en","30.30248","71.92008","","","","https://drive.google.com/open?id=1PqxvpTAjyT53eykUdZ9u6ECSIVOB_cRS","https://drive.google.com/open?id=1oUNxO1rRWIuDZ4wi5KZiJomsP_ISwXwq",""
"Khanewal","usepk","Jamia Masjid Darbar Dawood Jahanian","Women Secular No Info Share","مرکزی جامع مسجد داؤد جہانیاں","Not Found","1978.0","","No","2.0","https://www.google.com/maps?q=30.0277159,71.1796664","30.02772","71.17967","","","","https://drive.google.com/open?id=1-L87l1Jq1QV9XT9z4wCYPOQlcLIca-7G","https://drive.google.com/open?id=1v3GSVV3hChR5E6q2vlY-_RLNgOmmL0O-",""
"Khanewal","xpynm","Jamia Masjid Darbar Hazrat Mian Channu","Community Religious No Info Share","Jamia masjid badbar hazrat mianchannu","Not Found","1936.0","","No","2.0","https://www.google.com/maps?q=30.44713592529297,72.34986114501953&z=17&hl=en","30.44714","72.34986","","","","https://drive.google.com/open?id=1ZBXS_7qV4bfMoVNUzySkm1i5dV6kZ5Qk","https://drive.google.com/open?id=1uM5Xyug2bjy5PTBOgOQ6ZLJFBz9BlCLf",""
"Khanewal","otccu","Jamia Masjid Kacha Khawa Khanewal","Control","Jamia Masjid Kacha Khawa Khanewal","Not Found","1958.0","","No","1.0","https://maps.google.com/maps?q=30.2069401%2C72.2309026&z=17&hl=en","30.20694","72.2309","","","","https://drive.google.com/open?id=1K70JI7maMnhXjj_1Z_slon4DEwSgUlwt","https://drive.google.com/file/d/1ahqG4BEtBary9LxdB7oLc0UV8K_TOE-i/view",""
"Khanewal","xdbpy","Jamia Masjid Naale Wali Lodhran","Women Religious Info Share","Jamia masjid Hazrat Bilal","Not Found","","","","1.0","https://maps.google.com/maps?q=29.5392105%2C71.6346433&z=17&hl=en","29.53921","71.63464","","","","Not Found","Not Found",""
"Khanewal","xiinw","Jamia Masjid Qazia Nawali Kehror Pakka","Community Secular Info Share","Qazian Wali Masjid","Hafiz Muhammad Umar Farooqi","1911.0","","No","1.0","https://maps.google.com/maps?q=29.6238045%2C71.9174536&z=17&hl=en","29.6238","71.91745","","","","https://drive.google.com/open?id=1Lg_n8f2-8Aujw48XdJ9VFqds8ZI-Qyqo","https://drive.google.com/open?id=1r7tbiYCw1tqAbN2iyKd2a62frMWGPrDk",""
"Khanewal","epjyx","Jamia Masjid Railway Coloney Khanewal","Community Religious Info Share","Jamia Masjid Railway coloney Khanewal","Hussain Ahmad","1951.0","","No","2.0","https://maps.google.com/maps?q=30.5652863%2C72.1740672&z=17&hl=en","30.56529","72.17407","","","","https://drive.google.com/open?id=19wzkSp5wfG3M0tigfNSdxQtJixpOO39I","https://drive.google.com/open?id=1eR3prLtxsJBu2y611v33M38CjS1zc364",""
"DG Khan","kcaxs","Jamia Masjid Shah Sadar Ul Din Dera Ghazi Khan","Control","Jamia Masjid Darbar Shah Sadar Din, DGKhan","Not Found","1957.0","","No","2.0","https://maps.google.com/?q=30.2788096,70.7268038","30.27881","70.7268","","","","https://drive.google.com/open?id=1E3bFCrdKt6CNTw1pZz_zH2l062I6IPF-","https://drive.google.com/open?id=1SaV_5yiDxxeYFk8H6A6tkJwpAW4iBqVu",""
"DG Khan","jhzjg","Jamia Masjid Darbar Hazrat Saki Sarwar Dera Ghazi Khan","Control","Jamia Masjid Darbar Hazrad Ahmad Sultan Sakhi Sarwar","Not Found","1174.0","","Yes","2.0","https://maps.google.com/?q=29.9858984,70.3025885","29.9859","70.30259","","","","https://drive.google.com/open?id=1ONPdBD9U4kVya3mo0P9EJ-9IV1gS3F_j","https://drive.google.com/open?id=1d0mPfhwWrVwGnk7IWXmkWxC3B-IIwLzW, https://drive.google.com/open?id=1mkuJl3MCDgB_P-zJl6OY0isLGLLJF7UV",""
"DG Khan","vyzqv","Jamia Masjid Block # 3 Dera Ghazi Khan","Community Religious No Info Share","Jamia Masjid Block No. 3 DGKhan","Irshad Fareed","1916.0","","No","2.0","https://www.google.com/maps?q=30.057959,70.6359916","30.05796","70.63599","","","","https://drive.google.com/open?id=1tEP_sdGphpbmGbcwcffkvFI0cndiRUyU","https://drive.google.com/open?id=19Y6HfENiNsjeCITqf0mUhdoOGoO7Htzk",""
"DG Khan","vsrrf","Jamia Masjid Darbar Malah Quaid Shah Dera Ghazi Khan","Community Religious No Info Share","Jamia Masjid Darbar Mula Qaid Shah DGKhan","Muhammad Umar Farooqi","1955.0","Syed Mula Qaid Shah sahib","No","2.0","https://maps.google.com/?q=30.0626594,70.6434638","30.06266","70.64346","","","","https://drive.google.com/file/d/1YCz3yP1ZkczZqdlpQQKMo5ecUWxzepob/view","https://drive.google.com/file/d/1eOqoVuhAnzlXijNg8dTqY6BaH46ph6CB/view",""
"Bahawalpure","dfnmy","Jamia Masjid Sadiq Akbar Machi Hatta Bhawalpur","Community Secular No Info Share","Jamia masjid Sadiq Akbar machi hatta bwp","Qari Muhammad Iqbal","2000.0","","No","2.0","https://www.google.com/maps?q=29.3960231,71.6824246","29.39602","71.68242","","","","https://drive.google.com/open?id=1K-0kn871G1YX5y_EHkg0pBHg6z17EyIV","https://drive.google.com/open?id=1MXosIbyVnnEsTbWCgaGpMw6IpRcAvkV1",""
"Bahawalpure","qwlfb","Jamia Masjid Aqsa Bhawalpur","Control","aqsa","Riaz Awaisi","1935.0","","No","1.0","https://www.google.com/maps?q=29.3953179,71.674018","29.39532","71.67402","","","","https://drive.google.com/open?id=1jyN9Rjvp7VEJ1-uEPKaniDYfjzzI-eT-","https://drive.google.com/open?id=1XNXzC9lN9JXVvHw0bHessfatvy49B7Ib",""
"Bahawalpure","sjqhk","Jamia Masjid Shah Rangila Hasalpur","Control","Jamia Masjid Rangila Sha darbar Hasilpure","Not Found","1980.0","","No","2.0","https://maps.google.com/maps?q=29.6894137%2C72.5347834&z=17&hl=en","29.68941","72.53478","","","","https://drive.google.com/open?id=1exYbkN4wL0PosRZlcdRS-l-MlooASRsz","https://drive.google.com/open?id=1gBMZcxyoCb86bepbAprkLBPRX3xALMVb",""
"Bahawalpure","xnhgf","Jamia Masjid Alsadiq Bhawalpur","Control","Al sadiq","Saif ur Rehman","1918.0","","No","2.0","https://www.google.com/maps?q=29.3960534,71.6747768","29.39605","71.67478","","","","https://drive.google.com/open?id=10rQeaBL_aEsIFP6mz-UHcDql8kLzIStU","https://drive.google.com/open?id=1qWK6eBpI457CGXQ_Tjh6ZmjbaU7Nm_zz","talha"
"Bahawalpure","nhxti","Jamia Masjid Hasalpur","Control","Jamia Masjid main bazar Hasilpure","Not Found","1957.0","","No","1.0","https://maps.google.com/maps?q=29.6945603%2C72.5506141&z=17&hl=en","29.69456","72.55061","","","","https://drive.google.com/open?id=1cL1EZYbcLUxKfudAtdUWSaT-8kAK2ckg","https://drive.google.com/open?id=1eG7VQOgcyQms2Xi4JSBJxe_4FvwrAvUF","talha"
"Bahawalpure","reimc","Jamia Masjid Kocha Gul Hassan Shahe Bazar","Community Religious No Info Share","Jamia masjid kocha gull Hassan shahi Bazar bwp","Farooq Ahmad","2022.0","","No","2.0","https://maps.google.com/?q=29.3956909179688,71.6795806884766","29.39569","71.67958","","","","https://drive.google.com/open?id=1SJj28I0JglXdY7aq6avfyTr-rumOCzKo","https://drive.google.com/open?id=1GdPqSTU-ncSpalSL0cPT7Yj6N8FYZIRs","talha"
"Bahawalpure","vewig","Jamia Masjid Sadiq Akbar High School Ahumdpur","Community Secular No Info Share","Jamia Masjid Sadiq Akbar High School Ahumdpur","Abdur Rehman","1977.0","","No","2.0","https://maps.google.com/maps?q=29.143841%2C71.2594724&z=17&hl=en","29.14384","71.25947","","","","https://drive.google.com/open?id=1Pq9-WCRj0aURRtEEetj9YUk2B_TVW6_j, https://drive.google.com/open?id=1ZCQkTKuoOlu1_xSwkf1sv9lhhc3PBDIj","https://drive.google.com/open?id=1-uV0GNeg04ej7j43XLQ0ExddZ9vobnxP, https://drive.google.com/open?id=1Hu0oztkvm4D_bhwML3FXDn4Od951Nic-","talha"
"Bahawalpure","tktxl","Jamia Masjid Muhkum Ul Din Seerani Khangha Khangha","Control","Jamia masjid muhkim din serani","Not Found","1776.0","","No","1.0","https://maps.google.com/maps?q=29.3140056%2C71.5437025&z=17&hl=en","29.31401","71.5437","","","","","","talha"
"Bahawalpure","xppxx","Jamia Masjid Darbar Khawaja Khuda Bhakas Kharpure","Control","Jamia masjid darbar khuja khudabaksh kherpurXPP","Muhammad Azhar Hussain","2012.0","Khawaja Khuda Bhakas","No","1.0","https://www.google.com/maps?q=29.5812543,72.233824","29.58125","72.23382","","","","https://drive.google.com/open?id=1-kHyjuGTYJGPSHnk4MucrYLUz6dQwNY2, https://drive.google.com/open?id=1gX5EdWQZXaRDoIKnSY4j1qc4n2ZxW0lb","https://drive.google.com/open?id=1382onRChjP4R0oHy_IcWNy1-dmcxg-8O",""
"Bahawalpure","mxmsk","Jamia Masjid Sakhi Sultan Ahmad Shah Chak 1-BC","Control","Jamia masjid darbar sakhi sultan check no 1bc","Not Found","1990.0","","No","1.0","https://maps.google.com/?q=29.4567648,71.9538872","29.45676","71.95389","","","","https://drive.google.com/open?id=1n9h4-T4cFYoK5kku-3e5Mf1YnPUs6ksx","https://drive.google.com/open?id=13SoFzYVFwPBhzG7vkRcr7YJbQJ0Eyb86",""
"Bahawalpure","pgolj","Jamia Masjid Sheikh Muhammad Syed Wali Fareed Gate","Women Religious Info Share","Jamia masjid sheakh Syed wali Fareed gate","Muhammad Nazik","1997.0","","No","2.0","https://www.google.com/maps?q=29.3964518,71.673127","29.39645","71.67313","","","","https://drive.google.com/open?id=1qrJSUgy3lgQ5mprhOeilCsBL0vv05tjv","https://drive.google.com/open?id=1Znf_V_ZuNHWlz_mNkU-z_tCR7dvkT9dy",""
"Bahawalpure","njkni","Jamia Masjid Shahe Dera Nawab Shahab","Control","Jamia Masjid Shahe Dera Nawab Shahab","Abdul Manan","1880.0","","No","2.0","https://maps.google.com/maps?q=29.0991978%2C71.2745758&z=17&hl=en","29.0992","71.27458","","","","https://drive.google.com/open?id=1bIt_6iYml0NjkwNGxNDX2ksEfOZs8Wmr","https://drive.google.com/open?id=1hzo6csZ8CCAQ649SRMvOQLoqk82EGDlE","talha"
"Bahawalpure","pnyzs","Jamia Masjid Darbar Rasheed Jalaal Ul Din","Women Secular Info Share","Jamia Masjid Syed Jalal Ud Din","Javed saud","1845.0","Rasheed Jalaal Ul Din","Yes","2.0","https://www.google.com/maps?q=29.2426835,71.0557167","29.24268","71.05572","","","","https://drive.google.com/open?id=13Gm2Tj0Grix76ate3ZYyzY0QH4inytUq, https://drive.google.com/open?id=13UzJme9yThJh14sOqQGzUIs_eyoZAKmS","https://drive.google.com/open?id=12fTLvJVvm5heAuAGf5AMqq4bfAAa5Nm4","talha"
"Bahawalpure","rakei","Jamia Masjid Hakeem Muhammad Yar Wali Bhawalpur","Control","Jamia masjid Hakeem m.yar wali bwp","Ahmad","2005.0","","No","2.0","https://www.google.com/maps?q=29.3989078,71.6736316","29.39891","71.67363","","","","https://drive.google.com/open?id=1FMrFi6R04U5dDnTx_47GARHwl5TfQvoi","https://drive.google.com/open?id=16BXeRo_7EbsWi95o4iTV8EsoCzNcVj32","talha"
"Bahawalpure","dqkgk","Jamia Masjid Chanan Peer Sarkar Cholistan","Control","Chaner peer jama masjid","","1956.0","Channan Pir Darbar Cholistan","No","1.0","https://www.google.com/maps?q=28.9754483,71.663715&z=17&hl=en","28.97545","71.66372","","","","https://drive.google.com/open?id=1Le5dHh1ogV97RVApkSITmwLS_1thIQ7-","https://drive.google.com/open?id=1Q4sXWb2FDzCX2oYCc5-fR8FZHAdl-Asp",""
"Bahawalpure","vnnpw","Jamia Masjid Muhdum Jahaniya Oh Shareef","Community Secular Info Share","Jamia Masjid Muhdum Jahaniya Oh Shareef","Khalil Ahmad","1045.0","Jalaal ul din hussain","Yes","2.0","https://www.google.com/maps?q=29.2431651,71.0555136","29.24317","71.05551","","","","https://drive.google.com/open?id=1fGFeF9weA4maTjwoJSMttV6lIDsURMJX","https://drive.google.com/open?id=19hW9ExOJPrIEogr_HAMxI8K5sBwmFhsJ",""
"Bahawalpure","joffe","Jamia Masjid Mehboob Subhani Oh Shareef","Community Secular Info Share","Jamia Masjid Hazrat Mehboob Subhani","Mulana Abdul Majeed","1325.0","Hazrat Mehboob Subhani","No","2.0","https://maps.google.com/maps?q=29.2370496%2C71.0607756&z=17&hl=en","29.23705","71.06078","","","","https://drive.google.com/open?id=1ZGl4s3zVYfz83bnPv8wAPw3ufhFZUXao","https://drive.google.com/open?id=1CBIybVgKpgX9ilbzrr3dQGromJYCkBBC, https://drive.google.com/open?id=1erhmeLB7U2QNg_Zend_EXkhXUbjFdT_S","talha"
"Bahawalpure","pztqo","Jamia Masjid Darbar Fazal Ul Din Laadala Och Shareef","Women Secular Info Share","Jamia Masjid Darbar Fazal Ul Din Laadala Och Shareef","M hashim","712.0","Fazal Ul Din Laadala","No","1.0","https://www.google.com/maps?q=29.2426835,71.0557167","29.24268","71.05572","","","","https://drive.google.com/open?id=1deqQhDasv9UNwkn6uR_s_62vzOKyJJMX","https://drive.google.com/open?id=1fL0-uXBWgQBBdMNu4-4pQ_QNSbODHwCq","Mosque is under construction"
"Bahawalpure","lrqvn","Jamia Masjid Shiekh Allah Wasaya Machli Bazar","Community Religious No Info Share","Jamia masjid sheakh Allah wasya machlibzar","Qari Muhammad habib","2012.0","","No","2.0","https://maps.google.com/maps?q=29.3982636%2C71.676085&z=17&hl=en","29.39826","71.67609","","","","https://drive.google.com/open?id=1qUbRUp23jeWCNHNxDj3Qcux-vTr39gPJ","https://drive.google.com/open?id=1qS3YlwwERdQqagvC_JNae7Z9AhpTTi40","talha"
"Bahawalpure","rthfh","Jamia Masjid Bostan Aziz Bahawalpur","Community Religious No Info Share","Jamia Masjid Bostan Aziz","Muhammad Arbi","1965.0","","No","2.0","https://www.google.com/maps?q=29.4023133,71.6536017","29.40231","71.6536","","","","https://drive.google.com/open?id=1R6V-E3Dz1Xz9ycTG7NfVYF8qvt6Ojn2G","https://drive.google.com/open?id=1CPXdnX_N_K_VapY_F8Mo_sgZYi0EoBj4","talha"
"Bahawalpure","coclq","Jamia Masjid Ahle Hadess Na Haliyanawali Ahumd Pur Sharqiya","Community Religious Info Share","Jamia Masjid Ahl e Hadees Tahlianwali","Hafiz Muhammad Haq Nawaz","2000.0","","Yes","2.0","https://maps.google.com/maps?q=29.146789%2C71.2670091&z=17&hl=en","29.14679","71.26701","","","","https://drive.google.com/open?id=1QKEz_xnQECFV3ij_CnjHB8kRCe1m943q, https://drive.google.com/open?id=1PTGVbcE53QWR5JlGg_SMMg6dbtJCfDdY","https://drive.google.com/file/d/10nhiT67O87meqJi042gLW_yPeCuziHI9/view?usp=sharing",""
"Chistain","yokqu","Jamia Masjid Gaalah Mandi Bahawal Nagar","Women Secular Info Share","Jamia Masjid Ghalla Mandi Bahawalnagar","Noor Muhammad Rabbani","1960.0","","No","2.0","https://www.google.com/maps?q=30.0029464,73.2612082&z=17&hl=en","30.00295","73.26121","","","","https://drive.google.com/file/d/139I3XtULkZGycGiVNqmrAkOhqX9Xlb-4/view?usp=drive_link","https://drive.google.com/open?id=1uozAZ6wCjK_Ack1xXOnIPvJSSx9d0vhS",""
"Chistain","jydri","Jamia Masjid Haronabad Bahawal Nagar","Women Secular Info Share","Jamia Masjid Haroon Abad","Mufti Munawar Hassan","1940.0","","No","1.0","https://www.google.com/maps?q=29.6114403,73.1376496","29.61144","73.13765","","","","https://drive.google.com/open?id=1NL_fo4DI-lm5UqojODhkAFb-ItkHgGoo","https://drive.google.com/open?id=1p8TKmwQIaIdW58f-XMLBfrufhuj2EU-8",""
"Chistain","hrsog","Jamia Masjid Darbar Khawaja Noor Muhammad Maharwi","Control","Jamia Masjid Khwaja Noor Mohammad Maharvi","Not Found","1266.0","","No","1.0","https://www.google.com/maps?q=29.8028953,72.8406527","29.8029","72.84065","","","","https://drive.google.com/open?id=1MMnorbHxRBHfUHSNTStd94v3A7BJGWRI","https://drive.google.com/open?id=1Anw26pThViqLKb3fUDZk8oso3JRKiIk1",""
"Chistain","uvkdx","Jamia Masjid Baba Taj Ul Din Sarwar Chasti","Women Secular No Info Share","#N/A","Not Found","1955.0","","No","2.0","https://www.google.com/maps?q=29.7979656,72.8443663","29.79797","72.84437","","","","https://drive.google.com/open?id=1yvpKW67-BNIp8bPEDDyiylzC83AcRU0s","https://drive.google.com/open?id=1R3fxpn_npEj09fn1UO-VN_956i3JXxDW",""
"Chistain","ybtbu","Jamia Masjid Markazi Chishtian","Community Religious Info Share","مرکزی جامع مسجد چشتیاں","Muhammad Tayyab","1938.0","","No","2.0","https://maps.google.com/?q=29.7961325,72.8581846","29.79613","72.85818","","","","https://drive.google.com/open?id=1itIc-JCGAPlhJigg1l0QHjKjhT_cQ7EU","https://drive.google.com/file/d/1RoQT_5elOmua9NKPAsPuq0b28sa_yUJa/view?usp=drive_link","talha"
"Chistain","pbyfm","Jamia Masjid Minya Nawali Minchanabad","Community Religious Info Share","Jamia msjid","Mukhtiyar Ahmad","1914.0","","No","2.0","https://www.google.com/maps?q=30.0365367,73.5364517&z=17&hl=en","30.03654","73.53645","","","","https://drive.google.com/open?id=10BRTzU7s2mw6zreOFSRnavAysnNclWpA","https://drive.google.com/open?id=1eHE84PoRRqG8SBD2OTpGBnUZfz12FVFl",""
"Rahim Yar Khan","tebun","Jamia Masjid Goth Aalu Sadiqabaad","Women Religious No Info Share","Jamai Mosjid Goth Aalu Sadicabad","Muhammad Talib Hanafi","1986.0","","No","1.0","https://www.google.com/maps?q=28.2246009,69.9309028","28.2246","69.9309","","","","https://drive.google.com/file/d/1lPjj-Gph7tfIi8-8qf5pweUNDL-r2s5I/view?usp=drive_link","https://drive.google.com/open?id=1hFy1YVYn3cPbT95OlNeu2E-4fkNXZCip",""
"Rahim Yar Khan","xxfos","Jamia Masjid Nazamat / Nazamat market Railway Road Rahim Yar Khan","Community Religious No Info Share","Jamia Masjid Nizamat","Qazi Khalil-ur-Rehman","1978.0","","Yes","2.0","https://www.google.com/maps?q=28.4196412,70.3060157","28.41964","70.30602","","","","https://drive.google.com/open?id=1FgBYqrTQApG4VKxsuy2kK2QM8lgX0avI","https://drive.google.com/open?id=1Vn70AfXeBdd8p4UFpUkKSKee4uqlmypl, https://drive.google.com/open?id=11DJTfzMimzgxivdz9S7JFwD5XmEX4a5I",""
"Rahim Yar Khan","kfsqd","Jamia Masjid uthaar Anhaar Coloney Rahim Yar Khan","Control","جامع مسجد اتہار کالونی","Akmal abbas","1924.0","","Yes","2.0","https://www.google.com/maps?q=28.4262219,70.3226971","28.42622","70.3227","","","","https://drive.google.com/open?id=1HZcGFbAizA2RUDi3orVr8oesnZfoJeS5","https://drive.google.com/open?id=1b5crvhJY5r4D83pdnVjG6DVruAl8CT-8",""
"Khanpure ( Rahim Yar Khan )","xatdf","Jamia Masjid Mastari Kamal Din Khanpur","Community Secular Info Share","Jamia Masjid Mustri Kamal din","Qari Muhammad Farooq","1950.0","","No","1.0","https://www.google.com/maps?q=28.6420075,70.6539892&z=17&hl=en","28.64201","70.65399","","","","https://drive.google.com/open?id=1v497IdEZdOYDwhgm0h7BIvWu8glnQzr1","https://drive.google.com/open?id=1flTQqiBb64K3nEQSFeX69lPgXYMgmO4w",""
"Khanpure ( Rahim Yar Khan )","rjssu","Jamia Masjid Baba Shahab","Women Religious Info Share","Jamia Masjid Baba Sahib","Maulana Naseem Ahmad","1925.0","","No","2.0","https://maps.google.com/maps?q=28.6393625%2C70.6550214&z=17&hl=en","28.63936","70.65502","","","","https://drive.google.com/open?id=1sA6Ipuir2EOThCiVv5vx9qlJk0mOJZ3n","https://drive.google.com/open?id=1mlhud3zBPs4Rkzcby8t4pWcWcQR3Bs-n",""
"Khanpure ( Rahim Yar Khan )","ekxdh","Jamia Masjid Galah Mandi Khanpur","Control","Jamia Masjid Ghalla Mandi","Molana Hussain Ahmad","1960.0","","No","1.0","https://www.google.com/maps?q=28.6436336,70.6536248&z=17&hl=en","28.64363","70.65362","","","","https://drive.google.com/open?id=1LxzvmDBRC4VsitIEEKMYRhUTF7vUsB1v","https://drive.google.com/open?id=1e9ENQCf82S3785sNaKHsAXjWRdeh9yuw",""
"Khanpure ( Rahim Yar Khan )","qqsmi","Jamia Masjid Mai Shahab Khanpur","Women Secular Info Share","Jammia masjid maii sab","Mulana Mukhtiyar","1921.0","","No","1.0","https://www.google.com/maps?q=28.6439435,70.6589031&z=17&hl=en","28.64394","70.6589","","","","https://drive.google.com/open?id=1DRCMrOomHWBZ--fXl34szsyLbZ82Kk8_","https://drive.google.com/open?id=1K84lMFRkH24tTkThrNXGFdXGE4BNFyLX",""
"Burewala","iotae","Jamia Masjid Sarwarya Muhammad Shah Melsi","Women Religious No Info Share","Jamia Masjid Sarwariya Islamia Muhammad Shah","Imadullah","1960.0","Peer syed sarwar shah ghelani RA","No","1.0","https://maps.google.com/maps?q=29.9198%2C72.26417&z=17&hl=en","29.9198","72.26417","","","","https://drive.google.com/open?id=1Xis8sxgatqi2HbHnbys4wLLQHlUYmtiO","https://drive.google.com/open?id=1TjtgaCQO7efiebM1iDlhl3_Zt6gUp8HJ",""
"Burewala","uomyf","Jamia Masjid Gaalah Mandi Vehari","Women Religious No Info Share","Jamia Masjid Gala Mandi","Not Found","1958.0","","No","2.0","https://maps.google.com/maps?q=30.0425285%2C72.3506341&z=17&hl=en","30.04253","72.35063","","","","https://drive.google.com/open?id=1PiZcoUWVKGSK9QyphurPqk4OYHM0dnb8","https://drive.google.com/open?id=1NxXTl4b92TY6TjTh9mta5tGarOkw3hqy",""
"Burewala","ndpfg","Jamia Masjid Awis Darbar Dawaan Chawali Mushad Burewala","Control","FaizanMadina masjid madrasa jamia owaisia","Moulana bafuk razzaq","1980.0","Hazrat deewan chawali almashaikh RA","No","1.0","https://maps.google.com/maps?q=30.0561824%2C72.7585299&z=17&hl=en","30.05618","72.75853","","","","https://drive.google.com/file/d/17jfG2_omQYPl8U9lDmwjzQh7GpGnWYv2/view?usp=drive_link","https://drive.google.com/open?id=1q88rL4K_qz6lZNR713eJl2vivpTZ2nmY",""
"Burewala","lnpqp","Jamia Masjid Gaalah Mandi Burewala","Community Secular Info Share","Jamia Masjid Gala Mandi Burewala","Not Found","","","No","2.0","https://maps.google.com/maps?q=30.1577583%2C72.6798617&z=17&hl=en","30.15776","72.67986","","","","https://drive.google.com/open?id=1nF-fscF7brd54pSNtTORyMoRpkmMNu9J","https://drive.google.com/open?id=1V9KoNpXqL_pxQUH5nZt-vvmGJNVdZsTm",""
"Burewala","xktyp","Jamia Masjid Fatah Shah Bukhari Burewala","Women Secular No Info Share","Jamia masjid Fatah shah bukhari","Not Found","","","No","2.0","https://maps.google.com/maps?q=30.0419077%2C72.6870337&z=17&hl=en","30.04191","72.68703","","","","https://drive.google.com/open?id=1gIfifnJSPxyk7z_1DO73I1NH1btSCpTN","https://drive.google.com/open?id=111l7EoZzuKWdTc-LpYauywdHo953FCp_",""
"Burewala","mjoue","Jamia Masjid Shiekh Fasal Burewala","Control","جامعہ مسجد حنفیہ","mulana tahir zaia","1951.0","Shiekh Faazil Ra","No","2.0","https://maps.google.com/maps?q=30.3334797%2C72.7943812&z=17&hl=en","30.33348","72.79438","","","","https://drive.google.com/open?id=10Fij-APTYKBKVldIDvHSZW3QliHN5De2","https://drive.google.com/open?id=1sT5fCYDFjzX_yAwnMFWWEann1362K0GY",""
"Burewala","qbvyb","Jamia Masjid Mulhalka Kuko Mandi Burewala","Control","Jamia masjid mulhalka gaggoo Mandi tahsil burewala district vaheri","Not Found","","","No","2.0","https://maps.google.com/maps?q=30.0478282%2C72.3612654&z=17&hl=en","30.04783","72.36127","","","","https://drive.google.com/open?id=16g0hDf08rrFrtv2E8DUS1za7KvyEjQ0i","https://drive.google.com/open?id=1V5lubpiwdXkROiDVeXo8ixjKxJB-iiWn",""
"Burewala","mfvfc","Jamia Masjid D Block Burewala","Community Secular No Info Share","Jamia Masjid D Block Burewala","Not Found","","","No","2.0","https://www.google.com/maps?q=30.1600098,72.680169","30.16001","72.68017","","","","https://drive.google.com/open?id=1m6w21GfYanE5xHNYXBNNTPmOW5bGf-kH","https://drive.google.com/open?id=1YDJXrfxeVZYpHUlUAUrUXYsPMAtAzZoN",""
"Faisalabad","tiius","Jamia Masjid Darbar Lasuri Shah Faisalabad","Women Religious No Info Share","جامع مسجد لسوڑی شاہ  جھنگ بازار فیصل آباد","Bashart","1932.0","Darbar Lasuri Shah Faisalabad","No","2.0","https://maps.google.com/maps?q=31.4160765%2C73.0771168&z=17&hl=en","31.41608","73.07712","","","","https://drive.google.com/file/d/1dgP6RkU5LiMOhjTQbSXzbzsXMgCmwdlo/view?usp=drive_link","https://drive.google.com/file/d/1kPePF49fUR_BWTaiEzn_EzirQt73xKO6/view",""
"Faisalabad","kocqj","Jamia Masjid Kalah Kachari Bazar Faisalabad","Control","جامع مسجد فیصل آباد (کچہری بازار)","Molana zia madni","1908.0","","No","2.0","https://www.google.com/maps?q=31.4198774,73.0796151","31.41988","73.07962","","","","https://drive.google.com/file/d/1oi_NVEweB6M1PmPpepU21MjFFRwMQl5Y/view?usp=drive_link","https://drive.google.com/file/d/1MXigfX_RVNITP06cpZB17ozbnP1vGi2w/view?usp=drive_link",""
"Faisalabad","xlemr","Jamia Masjid Gool Karyana Karkhana Bazar Faisalabad","Control","Jamia Masjid Gole Karyana Karkhana bazar Faisalabad","Hafiz Muhammed yousaf","1947.0","","No","2.0","https://maps.google.com/maps?q=31.4176302%2C73.0809117&z=17&hl=en","31.41763","73.08091","","","","https://drive.google.com/file/d/1xQ08yKbRH1Bgu326SrdfyNJesVG-OxYB/view","https://drive.google.com/file/d/1u9z9tYM7EretSHZJMQPhYAjLbs2xfjrx/view",""
"Faisalabad","ldkri","Jamia Masjid Hanfiya Ghazi Abad Faisalabad","Control","Jamia mashed hanfia gazi abad","Zafar Hayat","1945.0","","No","2.0","https://maps.google.com/maps?q=31.4070824%2C73.0992917&z=17&hl=en","31.40708","73.09929","","","","https://drive.google.com/open?id=1_o4aR5dY4O5qeBdmnaHTCiITXMXeqc5o","https://drive.google.com/open?id=10TYkM-DKj0OGdDvImRozVxOGxFedCwtm",""
"Faisalabad","pjygt","Jamia Masjid Tehseel Wali Kachari Bazar Faisalabad","Women Religious No Info Share","Jamia Masjid Tehseel wali khachari","Molana abdul ghafur","1411.0","","No","2.0","https://www.google.com/maps?q=31.4200577,73.0825363","31.42006","73.08254","","","","https://drive.google.com/open?id=1GmyvNXnAhmJEhT_5zgWfztUpYLfCO4Xr","https://drive.google.com/open?id=1XSQE7qDfnsdR9J06iS9FCKPxNgGVKq4B",""
"Faisalabad","dmvyd","Jamia Masjid Jhaal Khanuwana Faisalabad","Women Secular No Info Share","Jamia Masjid Jhall khanwana Faisalabad","moulana bilal ahmed","1947.0","","No","2.0","https://www.google.com/maps?q=31.4099091,73.0939349","31.40991","73.09393","","","","https://drive.google.com/open?id=1XezNz0MnCCno7Ae4n1GOSEzsq6ioozwV","https://drive.google.com/open?id=1bbhmPkfodTEqCMkaWqXii3BQB3xAO2vn",""
"Faisalabad","rwyui","Jamia Masjid Madini Samnabad Faisalabad","Women Secular No Info Share","Jamia Masjid madni samnabad Faisalabad","qari zahid","1937.0","","No","2.0","https://maps.google.com/maps?q=31.386611%2C73.0676337&z=17&hl=en","31.38661","73.06763","","","","https://drive.google.com/open?id=1RMBjtK-slHx3f42SbkeDf0YYf4b0_BQd","https://drive.google.com/open?id=1IUjDXdjxCj_f9Jyh4IlQPqU_9-yR517k",""
"Faisalabad","mxebb","Jamia Masjid Hanfiya Gujra Basti Faisalabad","Community Secular Info Share","Jamiya ghousi rizveimasjid faisalabad","Not Found","1947.0","","No","2.0","https://maps.google.com/maps?q=31.4238529%2C73.072792&z=17&hl=en","31.42385","73.07279","","","","https://drive.google.com/open?id=101CR35zQpIyGEO6Tk5LbbfQymq7-HROq","https://drive.google.com/open?id=1mUVyidEb0g2iEL6nzWPhCm1YTlbDa1R_","Mosque is under construction so no front and inside pic"
"Faisalabad","dkwam","Jamia Masjid Gulzar Madina Gala Mandi Ameem Pura","Women Religious No Info Share","Jamia Masjid Gulzar e Madina Old Ghala Mandi Ameen Pur Bazar Faisalabad","Not Found","","","No","2.0","https://maps.app.goo.gl/J41qAuEDEuH3aCWQ7","31.399","73.081675 (approx extracted)","","","","https://drive.google.com/file/d/19uGa-Xln9p5EXXMWxShLFOPJ2IZl8y31/view?usp=drive_link","https://drive.google.com/open?id=1awevGsuvCx6GfdaZjmmz7dOhhrbVzpkD",""
"Faisalabad","cegdy","Jamia Masjid Muhammadiya Chastiya Makwana Faisalabad","Community Secular No Info Share","Jamia Masjid chistiya Mkuuana","Not Found","1974.0","","No","2.0","https://www.google.com/maps?q=31.3881811,73.1997689","31.38818","73.19977","","","","https://drive.google.com/file/d/16p3jdMbl-boDF8mAfZiYb0zL8dqIHx0n/view?usp=drive_link","https://drive.google.com/open?id=132asvRjtg_tCgTy8_d91LRbW3kbINgcV",""
"Faisalabad","cfcvk","Jamia Masjid Islam Pura Dhobi Ghaat Faisalabad","Community Secular No Info Share","جامعہ مسجد اسلام پورہ دھوبی گھاٹ فیصل آباد","Qari Rashid Ahmad","1945.0","","No","2.0","https://maps.google.com/maps?q=31.4190872%2C73.0707269&z=17&hl=en","31.41909","73.07073","","","","https://drive.google.com/file/d/16p3jdMbl-boDF8mAfZiYb0zL8dqIHx0n/view?usp=drive_link","https://drive.google.com/open?id=1oEsi0JwkJMG2CERCGzEfIcsaofkotLbc",""
"Faisalabad","odqlq","Jamia Masjid Bukhari Shah Alyaas Park Faisalabad","Control","Jamia Masjid Bukhari Shah alyass park","moulana m afzal","1980.0","","No","2.0","https://maps.google.com/maps?q=31.4202756%2C73.0431617&z=17&hl=en","31.42028","73.04316","","","","https://drive.google.com/open?id=1mXqzjcBjUVrqYkjXPgbIyuDEwc6RuZdX","https://drive.google.com/open?id=1qw9P-wm8Ilo49GjpGjUscgooL63bOQLP",""
"Faisalabad","tbthq","Jamia Masjid Noor Tariqbaad","Community Secular No Info Share","Jamia Masjid Noor tariqabad Faisalabad","Not Found","1955.0","","No","2.0","https://maps.google.com/maps?q=31.4229563%2C73.100885&z=17&hl=en","31.42296","73.10089","","","","https://drive.google.com/file/d/1PmjRjlk8FLIAM4-jyoxLZsZXRKZzPk8x/view?usp=drive_link","https://drive.google.com/file/d/1MNrv4vsBkdwYDlRnvPjSz8fCRhKqXRXG/view?usp=drive_link",""
"Faisalabad","estsn","Jamia Masjid Haji Muhammad Din 125 Jharawala","Control","جامع مسجد حاجی محمد دین","Not Found","1962.0","","No","1.0","https://www.google.com/maps?q=31.3899204,73.4438562","31.38992","73.44386","","","","https://drive.google.com/open?id=1JKlITpxS6hVOgS3PSqRBsNPh8ZRlCuiP","https://drive.google.com/open?id=1RJDggI30ZJXnF9jsO1N5F7wVBAUMFyKH",""
"Faisalabad","vldwg","Jamia Masjid Eid Ghah Madal Town B Faisalabad","Women Religious Info Share","Jamea Masjid Eid Ghah Modal town B faisalabad","Molana aminul haq","1965.0","","No","2.0","https://maps.app.goo.gl/WFAjez9Kfhc4zbF57","31.40547","73.08390 (approx)","","","","https://drive.google.com/open?id=1fE9X0uSJs4XuCq2IAv9h3cxEZhDhutwA","https://drive.google.com/open?id=1F7utlqy_GUeZy-yEtcJwMvIxvZUqCnIE",""
"Faisalabad","gghzz","Jamia Masjid Markazi Toba Tak Sing","Control","مرکزی جامعہ مسجد","Not Found","","","No","2.0","https://maps.google.com/maps?q=30.9714979%2C72.4801989&z=17&hl=en","30.9715","72.4802","","","","https://drive.google.com/open?id=1M3qNWkr7BFm2sGjb5U0wU_vTwTQbQAAk","https://drive.google.com/open?id=1QAc-_fXoMQ4382YEwzTnGVWuxNbu0X3k",""
"Faisalabad","btuip","Jamia Masjid Amenia Ameen Abaad Samanbad Faisalabad","Community Religious Info Share","Jamia Masjid Amenia Ameen Abaad Samanbad Faisalabad","Muhammad Rizwan","1990.0","","No","2.0","https://www.google.com/maps?q=31.3939836,73.0724894","31.39398","73.07249","","","","https://drive.google.com/file/d/1ZUIRxP_-rLEGN-4uXJv1P_lv5nPmBuLF/view?usp=drive_link","https://drive.google.com/open?id=1pTnr3MCuWOa-qMZ-fYckvKM_c2GqvcCV",""
"Faisalabad","kyzwa","Jamia Masjid Darbar Noor Shah Wali Faisalabad","Women Secular No Info Share","Jamia Masjid Firdous Noor shah wali","Faiz ur Rehman","1947.0","Noor Shah Wali","No","2.0","https://maps.google.com/maps?q=31.4256616%2C73.0975612&z=17&hl=en","31.42566","73.09756","","","","https://drive.google.com/file/d/1wOxHlH371ZPEjenyw7LGX4rchzLztXEn/view?usp=drive_link","https://drive.google.com/open?id=1ez1vYw2QoU9L5R-JM90L7bDc5XSuOlba",""
"Faisalabad","rdzla","Jamia Masjid Rehmaniya Ali Town Sargodha Road Faisalabad","Community Religious No Info Share","Markazi Jamia Masjid Rahmania Sargodha road Faisalabad","Molana Habibir Rehman","1941.0","","No","2.0","https://maps.google.com/maps?q=31.4767418%2C73.0774172&z=17&hl=en","31.47674","73.07742","","","","https://drive.google.com/open?id=1YIpHoFIRyYEYN3L6HhU4aeQKIpumuuy-","https://drive.google.com/open?id=1RBA0ElUWlrrp5O0IbVo6y7FKZyawf5hB",""
"Faisalabad","cmwps","Jamia Masjid Qasimiya Rehmy Shah Faisalabad","Women Secular No Info Share","Jamia Masjid Qasmiya rehmy Shah Faisalabad","Muhammad Abu bakar","2000.0","","","2.0","https://maps.google.com/maps?q=30.9432969%2C73.0034394&z=17&hl=en","30.9433","73.00344","","","","Not Found","Not Found","Imam Didn't allow to take pics"
"Faisalabad","rymqe","Jamia Masjid Darbar Nathu Shah Sharazi Faisalabad","Community Religious No Info Share","Jamia Masjid Darbar Nathu Shah Sharazi","Abbas","1850.0","","","2.0","https://maps.google.com/maps?q=30.8273066%2C73.0425494&z=17&hl=en","30.82731","73.04255","","","","Not Found","Not Found",""
"Faisalabad","xjphu","Jamia Masjid Darbar Rung Ali Sarkar Faisalabad","Women Secular Info Share","Jamia masjid Baba rang Ali srkar","Muhammad Asif Harmed","1986.0","Rang Wali Sarkar","No","2.0","https://maps.google.com/maps?q=31.2875093%2C72.8671717&z=17&hl=en","31.28751","72.86717","","","","https://drive.google.com/open?id=1LwVhbkb_VzVCaT7jkYbGtlF1x_ciJCPF","https://drive.google.com/open?id=1BCTzXWv7j6fkMifU8zbnjCoVqF0pE8gY",""
"Faisalabad","yxvut","Jamia Masjid Taleem Ul Quran Gojara","Women Secular No Info Share","Jamia masjid taleem ul Quran","moulana asad madani","1960.0","","No","2.0","https://maps.google.com/maps?q=31.1472344%2C72.6853471&z=17&hl=en","31.14723","72.68535","","","","https://drive.google.com/open?id=1sySIS6Br-KvYuP61uHU32hBilt_4XiHY","https://drive.google.com/open?id=196IAUTwBEXIH-WhTdWnVdr_Hh65eDJTe",""
"Faisalabad","kamrb","Jamia Masjid 273 Rai Chak Faisalabad","Control","Jamia Masjid 273 Rai Chak Faisalabad","Maulana umar faroq","1955.0","","No","1.0","https://www.google.com/maps?q=31.1701072,72.8817263","31.17011","72.88173","","","","https://drive.google.com/file/d/1NugXjrlqAmvdqXmQVTK-cS02yqw5_EA9/view?usp=drive_link","https://drive.google.com/open?id=1yHwxOUU5mYeYeQZKmuh5sC3730zIkdsA",""
"Faisalabad","ulfco","Jamia Masjid Muhammadiya Qasim Bazar Faisalabad","Women Religious No Info Share","#N/A","Qari Muhammad Abu bakar","1980.0","","No","2.0","https://maps.app.goo.gl/zyXgXmfGc29Qjv7eA","31.42126","73.08157","","","","https://drive.google.com/open?id=1y3QHNT7utJHLJesF0f349U0UTyU5dne_","https://drive.google.com/open?id=1DvoYSzfBqjiYsNO3LBtT1M6SqOpt1xAU",""
"Faisalabad","rtcpq","Jamia Masjid Ghala Mandi Gojara","Community Religious Info Share","#N/A","Jamia mosjid ghala mandi","","","","2.0","https://maps.google.com/maps?q=31.1461296%2C72.6847306&z=17&hl=en","31.14613","72.68473","","","","Not Found","Not Found",""
"Jhang","vemox","Jamia Masjid Qaziya Nawali Jhang","Control","Jamia Masjid Qazyian Wali Jhang","Not Found","1918.0","","No","2.0","https://maps.google.com/maps?q=31.274439%2C72.3097682&z=17&hl=en","31.27444","72.30977","","","","https://drive.google.com/file/d/1DzWt8GhOQ8nmXB71ztksxi6lfLZZhQu9/view?usp=drive_link","https://drive.google.com/open?id=1i0K6D8YX6sOqi8IdLlt8Gv3yy5PWIQhl",""
"Jhang","fpyze","Jamia Masjid Noor Shaheed Road Jhang","Community Religious No Info Share","جامعہ مسجد نور شہید روڈ جھنگ صدر","Moulana abdul rehamn","1950.0","","No","1.0","https://maps.google.com/maps?q=31.275045%2C72.3155117&z=17&hl=en","31.27505","72.31551","","","","https://drive.google.com/open?id=1Rmfk6cqApkXo3TsuS-9VmJqd2DKoDimn","https://drive.google.com/open?id=1LI4KUx6O_MkqrwS0yxnpGfG7E17WNt5F",""
"Jhang","vigse","Jamia Masjid Darbar Shah Sadaq Nehnang Shorkot","Women Religious No Info Share","Jamia masjad Darbar shah Sadiq nehang","Muhammad ashrif","1885.0","Hazart shah saddiq nehang bukhari","No","1.0","https://maps.google.com/maps?q=30.939858765352707%2C72.16252114623785&z=17&hl=en","30.93986","72.16252","","","","https://drive.google.com/open?id=1ScwRUB2LoroVVgWu9YOizZhycveffelY","https://drive.google.com/open?id=1_UG2VGlMvo6gd2u99IJxdbEehpHkvS6E",""
"Jhang","glpfo","Jamia Masjid Ahle Sunnat Wal Jamaat Garh Maharaja Ahumedpur Sial","Women Secular Info Share","مرکزی جامع مسجد ایثار القاسمی رض شہید گڑھ مہاراجہ جھنگ","Moulana bilal","1957.0","","No","1.0","https://maps.google.com/maps?q=30.832267%2C71.9055705&z=17&hl=en","30.83227","71.90557","","","","https://drive.google.com/open?id=1kWEnMtF2PnMZQAc8yY7rNuwr37gU7RkM","https://drive.google.com/open?id=1HjaK5qCCYvZj2RoTw1CfW2wMpebAVnDb",""
"Jhang","shksd","Jamia Masjid Muhammadiya Waqaf Yaseeni Kot Laal Wariyaam Jhang","Control","Jamia masjad muhammdiya waqaf yaseenii","qari muhammad waris","1906.0","","No","1.0","https://maps.google.com/maps?q=30.9630071%2C72.2541962&z=17&hl=en","30.96301","72.2542","","","","https://drive.google.com/file/d/1ESAVaNOexKV3MNhDm5vsWAQnVFyMOESz/view?usp=drive_link","https://drive.google.com/open?id=16QvgKwueF4qbMgvf3UvqiO-nyXR33a5-",""
"Jhang","lsqfy","Jamia Masjid Haji Muhammad Din Shorkot Cant","Control","Jamia masjid haji Muhammad dean shorkot cuntt","Not Found","","","No","1.0","https://maps.google.com/maps?q=30.9679634%2C72.2743134&z=17&hl=en","30.96796","72.27431","","","","https://drive.google.com/file/d/1AwAMMaMm3tpIDr0WhmZcfTSjDfmm4HZf/view?usp=drive_link","https://drive.google.com/open?id=11oglMHHxNW1lAewRwlkpRDnGYT3vc5WN",""
"Okara","ffpzc","Jamia Masjid Hanfiya C Block Okara","Control","FFPZC	Jamia Masjid Hanfiya C Block Okara","Not Found","","","No","2.0","https://maps.google.com/maps?q=30.8076884%2C73.4456833&z=17&hl=en","30.80769","73.44568","","","","https://drive.google.com/open?id=1x4E5-4g3MJljTBDxBl1-k293Jq3LrjZR","https://drive.google.com/open?id=1gvWz1T5ckZ3u0OMv_7-ccpgIQF7oEyGM","imam didn;t allow take the pics"
"Okara","kgqjv","Jamia Masjid Usmanai Gol Chowk Okara","Community Religious No Info Share","Jamiya usmaneya","Not Found","1955.0","","No","2.0","https://maps.google.com/maps?q=30.8087984%2C73.4445134&z=17&hl=en","30.8088","73.44451","","","","https://drive.google.com/file/d/1kt5Uzz1yGWDQS85ZHvRATeZP0maOj4Mm/view?usp=drive_link","https://drive.google.com/open?id=1rsZKAbtlKR5DTOblIrx9CgUxsqMAAyS-",""
"Okara","rujkz","Jamia Masjid Renalah Khurda Okara","Women Religious Info Share","Ghosiya Rizwiya Markazi masjid Sadar Bazar Renala Kurd","Not Found","1950.0","","No","2.0","https://maps.google.com/maps?q=30.8798941%2C73.5943176&z=17&hl=en","30.87989","73.59432","","","","https://drive.google.com/open?id=1HuUqEaMbP-_9axDtpiGKyxd96TeMQqkM","https://drive.google.com/open?id=1G9TJ4GaPvIqZxCN8JqmV_fN7lSos_Zbd",""
"Okara","vtgkg","Jamia Masjid Darbar Muhammad Ghous Bala Peer Okara","Women Secular Info Share","Jamia masjid darbar Muhammad ghous","Qari allah rakha","1947.0","Ghous bala peer sarkar","Yes","2.0","https://maps.google.com/maps?q=30.9524382%2C73.5387666&z=17&hl=en","30.95244","73.53877","","","","https://drive.google.com/file/d/1KZFobD2pi3Ub_Z3b-teIWObqTByQaBpk/view?usp=drive_link","https://drive.google.com/file/d/1X1qx0YzrX0EGZ0Vhyl8Tv31LiicDeT4_/view?usp=drive_link",""
"Okara","vplsv","Jamia Masjid Lahbey Shah Ghogera Okara","Control","جامع مسجد دربار حضرت سائیں لابھے شاہ، گوگیرہ","Not Found","2009.0","","No","1.0","https://maps.google.com/maps?q=30.9528117%2C73.3293886&z=17&hl=en","30.95281","73.32939","","","","https://drive.google.com/file/d/1dci1aD-Kn98a3Mz-qBwbDz1h05Vw_yqO/view?usp=drive_link","https://drive.google.com/open?id=1pTbSL7pq8nUqsURfsl9V6qPRFI0Bic7d",""
"Pakpattan","earra","Jamia Masjid Galah Mandi Arifwala","Women Religious Info Share","Jamia masjid c block arifwala","moulana muhammad aslam bashir","1959.0","","No","2.0","https://maps.google.com/maps?q=30.290311%2C73.0660431&z=17&hl=en","30.29031","73.06604","","","","https://drive.google.com/open?id=1QtuO8V_qcvRtvGOjfvERcpc8SHo4F93j","https://drive.google.com/open?id=1ODub4axTj_ku7qoQUrO35ZzjG4gFrTUB",""
"Pakpattan","fsjbu","Jamia Masjid C Block Arifwala","Community Secular No Info Share","Jamia masjid c block arifwala","Not Found","1927.0","","No","2.0","https://maps.google.com/maps?q=30.291458129882812%2C73.06883239746094&z=17&hl=en","30.29146","73.06883","","","","https://drive.google.com/file/d/1YAycBJHE1_IDbHaZ1r-j5RJ56fDG18y9/view?usp=drive_link","https://drive.google.com/open?id=1Wdv2lkcU9B0rfUaNE1mVogZyB7dCdvjk",""
"Pakpattan","ogdxp","Jamia Masjid Abdul Kareem Pakpattan","Women Secular No Info Share","Jamia Masjid Abdul kareem Pakpattan","Not Found","1985.0","","No","2.0","https://www.google.com/maps?q=30.3147944,73.3438006","30.31479","73.3438","","","","https://drive.google.com/file/d/1dQmP5V1MzUR94WdDzgUQcchzXL5odhFG/view?usp=drive_link","https://drive.google.com/open?id=1zIkzTG893-qjpE49vJm8XVMwAjZa_uQt","this is the only enterance door"
"Pakpattan","ewwlq","Jamia Masjid Aziz Makki Pakpattan","Women Religious No Info Share","Masjid Aziz Makki","Miulana m jhangir","1989.0","Khuwaha Aziz Makki Sarkar Ra","No","2.0","https://maps.google.com/maps?q=30.3147944%2C73.3438006&z=17&hl=en","30.31479","73.3438","","","","https://drive.google.com/open?id=1_jMl39bVIvaJ2L9llg4i8Gad0poouFf_","https://drive.google.com/open?id=133jFSnCScZo_kMmrJeXKbyGjVNbkgBcX",""
"Pakpattan","lpjzi","Jamia Masjid Gaalah Mandi Pakpattan","Community Secular Info Share","Jamia masjid gaalah mandi pakpattan","moulana safdar ali","1949.0","","No","2.0","https://maps.google.com/maps?q=30.3518354%2C73.3909344&z=17&hl=en","30.35184","73.39093","","","","https://drive.google.com/file/d/1KIPcCV2vwWZIE3iB3N2zHu_xtjdfL62j/view?usp=drive_link","https://drive.google.com/open?id=1FZG9BBSIFHp5QGhk7mrRqh-dpxzubb3s",""
"Pakpattan","ptthf","Jamia Masjid Badar Ul Din Eshaq Pakpattan","Community Secular No Info Share","Jamia masjid badar ul din eshaq pakpattan","moulana m ashraf","2020.0","Hazrat Baba  badar ul din eshaq RA","No","2.0","https://www.google.com/maps/place/30%C2%B020'34.5%22N+73%C2%B023'21.8%22E/@30.3429162,73.3868093,17z/data=!3m1!4b1!4m4!3m3!8m2!3d30.3429162!4d73.3893842?entry=ttu&g_ep=EgoyMDI1MTExNy4wIKXMDSoASAFQAw%3D%3D","30.34292","73.38938","","","","https://drive.google.com/open?id=1qjgL5fssNLm--mwC0Pxip5mAjEo_Pmf0","https://drive.google.com/open?id=1a-3TOhg6qN9gbAQIkB0CQTBEdBdObuOP",""
"Pakpattan","paqqf","Jamia Masjid Darbar Baba Fareed Ul Din Pakpattan","Women Religious Info Share","Jamia Masjid Hazrat baba Farid ud din gunj shakar","Not Found","1960.0","","Yes","2.0","https://maps.google.com/maps?q=30.3409177%2C73.387068&z=17&hl=en","30.34092","73.38707","","","","https://drive.google.com/open?id=1fdoBsfZBrt0cx79yK6gVk89fr1IBTwoU","https://drive.google.com/open?id=1v-iRv7RqEGGc8KQmznavZ3WBVcAfBaU4","yh masjid ka best front hai darbar k andar masjid hai 3 main  gate aur yh badha darbar hai eska hall empty kbhi nh hota"
"Rawalpindi","opiuv","Jamia Masjid Darbar Peer Abdul Ghani Rawalpindi","Women Secular Info Share","opiuv	Jamia Masjid Darbar Peer Abdul Ghani op","moulana azizul hassan shah","1925.0","Hazrat peer Abdul Ghani","No","2.0","https://maps.google.com/maps?q=33.5778038%2C73.0882561&z=17&hl=en","33.5778038","73.0882561","","","","https://drive.google.com/open?id=1E0BuKu6EJp3iOiNuPFyNPugxA8ET7-t8","https://drive.google.com/open?id=1lnoCxhy8OydQ1y9yrIyXXNYR0jgauj1l",""
"Rawalpindi","omcbn","Jamia Masjid Darbar Gohar Ali Shah Bakarmandi","Women Secular No Info Share","Jamia masjid darbar Aliya Syed ghor Ali shah","Muhammad ayaz Rizvi","1964.0","Hazrat Syed baba ghor Ali shah","No","2.0","https://maps.google.com/maps?q=33.5742801%2C73.0401426&z=17&hl=en","33.5742801","73.0401426","","","","https://drive.google.com/open?id=1Q6U-zDXfgGQXvJmHqC5un0h1JlrggvP_","https://drive.google.com/open?id=1UF4fborVJ1HzUBqQBwyzQiE55wcuqoYL",""
"Rawalpindi","gdglp","Jamia Masjid Akbari Mohanpura","Community Secular Info Share","Jamia Masjid Akbari Mohanpura","Not Found","1901.0","","No","2.0","https://maps.google.com/maps?q=33.6071287%2C73.049163&z=17&hl=en","33.6071287","73.049163","","","","https://drive.google.com/open?id=1P3k_nXvuNs9Dd0X85ww9uRvNdBxNWp8N","https://drive.google.com/open?id=1EFmAwk9dJnSVJEsdZrSA7zLgwpAcP_Rq",""
"Rawalpindi","lnsdx","Jamia Mosjid Daud Shah hakani","Community Religious Info Share","Daud Shah Hakani","M saddique ul hasan","","","No","1.0","https://maps.google.com/maps?q=33.3789517%2C73.5478217&z=17&hl=en","33.3789517","73.5478217","","","","https://drive.google.com/open?id=1j_OSzfkVWeJTmNWPDs87hm8dvQai2GW1","https://drive.google.com/open?id=1yA5byYHvAXLMdLTbsVzbEC54Nh6uDN0a",""
"Rawalpindi","gakov","Masjid Baba Ghulam Badshah Rawalpindi","Control","Jamia masjid Al Habib baba quma khan","Abdul jaleel","1945.0","","No","2.0","https://maps.google.com/maps?q=33.5813044%2C73.0285838&z=17&hl=en","33.5813044","73.0285838","","","","https://drive.google.com/open?id=1_V4wF3lvfCyK2Bi2dBA3fLpo5xHUC9tu","https://drive.google.com/open?id=1ZI-2UGPp6qFQIN_awZjsAdzzzWAnePRk",""
"Rawalpindi","czbuv","Jamia Masjid Gul Saraaj Rawalpindi","Women Religious No Info Share","Jamia masjid gul siraj","Muhammad Afzal","","","No","2.0","https://maps.google.com/maps?q=33.6180715%2C73.0669&z=17&hl=en","33.6180715","73.0669","","","","https://drive.google.com/open?id=1C2fW7sbDwj9XQ5rGHZyqP-v6KFWV6BvO","https://drive.google.com/open?id=1ajOx3t6Ojdo4Yc_QUpGZRT9vWLvaVxZZ",""
"Rawalpindi","silss","Jamia Masjid Gunj Mandi Rawalpindi","Community Religious Info Share","Jamia Masjid ganj mandi Rawalpindi","Mohammad sharif","","","No","2.0","https://maps.google.com/maps?q=33.6153631%2C73.0528385&z=17&hl=en","33.6153631","73.0528385","","","","https://drive.google.com/open?id=1VW3kO_u5-ddmRykQa5px5zk_fuaFTfgs","https://drive.google.com/open?id=1DTs8BEJCxomrhEV4Qb4QYpiv2NyOr8ti",""
"Rawalpindi","glrtm","Jamia Masjid Darbar Baba Jahaar Chaklala Rawalpindi","Community Secular No Info Share","Jamia Masjid darbar baba jhar sarkar","mulana syed zafar iqbal","","","No","2.0","https://maps.google.com/maps?q=33.6049542%2C73.1011314&z=17&hl=en","33.6049542","73.1011314","","","","https://drive.google.com/open?id=1BmqdFzmOCyfmCJoPskDSCU6dpB8VmGpg","https://drive.google.com/open?id=1UTG93Lj68HwtZLEp4Ii_ch6e38sXTIRo",""
"Rawalpindi","podyo","Jamia Masjid Jamun Wali Rawalpindi","Women Religious No Info Share","Jamia masjid jamun wali , Rawalpindi","Muhammad saddique","1945.0","","No","2.0","https://maps.google.com/maps?q=33.617316%2C73.0622193&z=17&hl=en","33.617316","73.0622193","","","","https://drive.google.com/open?id=19RfqjH2Rc_Dqaoa_x6xJ-KAQ4LHjthlo","https://drive.google.com/open?id=15HBwhKdB3h4ybZzYd9U6snHja9nplNjq",""
"Rawalpindi","fozkx","Jamia Masjid Pholo Wali Rawalpindi","Women Religious No Info Share","#N/A","m abdul basit","","","No","2.0","https://maps.google.com/maps?q=33.6228339%2C73.0551435&z=17&hl=en","33.6228339","73.0551435","","","","https://drive.google.com/open?id=19HX4uVChRs_e1iFFfHwk-s2bMvFcIJjR","https://drive.google.com/open?id=19VxRcFAGaHGnMiOTTDb07S3vnFw9Q6LX",""
"Rawalpindi","egckn","Jamia Masjid Syedan #2 Rawalpindi","Control","Masjid syeden#2 rewalpind","Qari Arshad ul haq","1950.0","Qari israr ul haq","No","2.0","https://maps.google.com/maps?q=33.6206937%2C73.0664336&z=17&hl=en","33.6206937","73.0664336","","","","https://drive.google.com/open?id=10PQHWUwkGzoAAhulKPesf6Tw_gPe73pf","https://drive.google.com/open?id=1c-iAcv5S0C96svDNEgPG0nd4D4xq6kcr",""
"Rawalpindi","thjdr","Jamia Masjid King Mandi Rawalpindi","Women Religious No Info Share","Jamia Masjid King Mandi Rawalpindi( jamia masjid asar UL wali)","Qari Aman ul ghafoor","1920.0","","No","2.0","https://maps.google.com/maps?q=33.6022424%2C73.0535193&z=17&hl=en","33.6022424","73.0535193","","","","https://drive.google.com/open?id=1DUD1_3EZGzsFT-Rl-mE2BuLRKpeM1kAg","https://drive.google.com/open?id=18Rb3XjNSqmRnH8MmJ85qoi3QVFFGzgBo",""
"Rawalpindi","wohmy","Jamia Masjid Darbar Shah Di Nahlian","Control","Jamia Masjid Darbar Shah Di Nahlian","Not Found","1913.0","","No","2.0","https://maps.google.com/maps?q=33.6114515%2C73.0658015&z=17&hl=en","33.6114515","73.0658015","","","","https://drive.google.com/open?id=136-O-P1Qx5zVc3C8HtC6sC6UUKtG8Jpu","https://drive.google.com/open?id=1u1HrYzQWhEyLHL-rgMDVXZMP6WN5LYbi",""
"Rawalpindi","tgzpv","Markazi Jamia Masjid Rawalpindi","Control","Markazi Jamia Masjid Hanfia Rawalpindi","Tariq Mehmood qadari","1894.0","","No","2.0","https://maps.google.com/maps?q=33.6182966%2C73.0565511&z=17&hl=en","33.6182966","73.0565511","","","","https://drive.google.com/open?id=1A660fqymwFP9zUaxcSxktmMJttqKDYLA","https://drive.google.com/open?id=1zUlff6Zpycns1JnMvFqffDBPgFlh3ETG",""
"Rawalpindi","bbyok","Jamia Masjid Gawaal Mandi Rawalpindi","Women Secular Info Share","Jamia masjid gawal Mandi Rawalpindi","Muhammad amir","1952.0","","No","2.0","https://maps.google.com/maps?q=33.6059161%2C73.0571634&z=17&hl=en","33.6059161","73.0571634","","","","https://drive.google.com/open?id=1OF7gZJzIUHxxy5A_LKR-qUSWpHeFPmKq","https://drive.google.com/open?id=1XPzS4tnp763vbl4vDGUQJ2Cw3rguv1ey",""
"Rawalpindi","izzpy","Jamia Masjid Madina Kabari Bazar Rawalpindi","Women Religious No Info Share","Jamia Masjid Madina Kabari Bazar Rawalpindi","Not Found","1910.0","","No","2.0","https://maps.google.com/maps?q=33.6138963%2C73.0548993&z=17&hl=en","33.6138963","73.0548993","","","","https://drive.google.com/open?id=1RUMxUmagtQ5Wm-5EHpigQWLCKENooJD7","https://drive.google.com/open?id=1X6jrKrp0_Qpo20TlGP6QKp55b4IiEnuY",""
"Rawalpindi","cvcqu","Jamia Masjid Sabzi Mandi Rawalpindi","Community Religious Info Share","JAMIA MASJID SABZY MANDY MOTI BAZAR RAWALPINDI","Moulan imanul haq","","","Yes","2.0","https://maps.google.com/maps?q=33.6141445%2C73.0576834&z=17&hl=en","33.6141445","73.0576834","","","","https://drive.google.com/open?id=1_0WSTR4PRJUev2i18gCFYRCLp0romYvl","https://drive.google.com/open?id=1-8siBMrlilDnaZp6F2ahaDP0w3NRPj5I",""
"Rawalpindi","cxyup","Jamia Masjid Murre Barori Rawalpindi","Women Secular Info Share","Jamia Masjid Muree barori chaklala scheme 3 Rawalpindi","Muhammad Irfan Qadri","","","No","2.0","https://maps.google.com/maps?q=33.5790168%2C73.0856103&z=17&hl=en","33.5790168","73.0856103","","","","https://drive.google.com/open?id=1vDK0ewMTQcijQ9smgg074fy-HiiDHiaW","https://drive.google.com/open?id=1d2jsY4QABxNzuGem7CzrQfGRw8nw2rmc",""
"Rawalpindi","fkwyh","Jamia Masjid Sadique-E-Akbar The Mall Muree","Community Secular No Info Share","Darl ullom jamia abbasia jamia masjid sadeeq akabar","Not Found","","","Yes","2.0","https://maps.google.com/maps?q=33.9072445%2C73.39384&z=17&hl=en","33.9072445","73.39384","","","","https://drive.google.com/open?id=1YHgYWj1-StzMnyZfYnR6KW7vacDaMKSr","https://drive.google.com/open?id=1IRuCRMSA6J9Y3-8zZz1cp5FgeyU55p8r",""
"Rawalpindi","vzblw","Jamia Masjid Bhaga Sher Dargali Rawalpindi","Community Religious Info Share","Masjid Main Haji Sab Bagga Sher","Not Found","","","No","2.0","https://maps.google.com/maps?q=33.378525%2C73.3373617&z=17&hl=en","33.378525","73.3373617","","","","https://drive.google.com/open?id=11peEPlylptT7HOvrifzsnUb81abtMNDs","https://drive.google.com/open?id=1YObgQ5uQFDpoTFjQfnJ4SyLSHMl5qBh8",""
"Sahiwal","miidk","Jamia Masjid Taliyah Nawali Shahiwal","Control","Jamia masjid Mohammaia ghousia","Molana m aslam","1970.0","","Yes","2.0","https://maps.google.com/maps?q=30.6541356%2C73.1115608&z=17&hl=en","30.65414","73.11156","","","","https://drive.google.com/file/d/1PnsfyuHXkqLXzl_UspFFz7EtYKvEFHk2/view?usp=drive_link","https://drive.google.com/file/d/1oRG7keQh09T15zXgJsKLekIlpi6RWLhH/view?usp=drive_link",""
"Sahiwal","ytvoy","Jamia Masjid Gaalah Mandi Chichawatni","Control","Jamiha Masjad ghala mandi chichawatni","molana m tahir","1955.0","","No","2.0","https://maps.google.com/maps?q=30.531882%2C72.6887089&z=17&hl=en","30.53188","72.68871","","","","https://drive.google.com/file/d/1m1lUadKO7vaQyNzYQ4LNQ3XwoQIhk3Zw/view?usp=drive_link","https://drive.google.com/open?id=19xh5Y8Ht94Yr56GHzrtHtuosOOupNOrc",""
"Sahiwal","usaou","Jamia Masjid Gaalah Mandi Shahiwal","Control","Jamia masjid ghallah mandi","Qari abdul rehman","1948.0","","No","2.0","https://maps.google.com/maps?q=30.653332%2C73.1066953&z=17&hl=en","30.65333","73.1067","","","","https://drive.google.com/open?id=1bm89FueoEdGIkJWNMKtX3SlE8gSqdk-C","https://drive.google.com/open?id=1llY_KcdNu_EWCbz5Jghh_zrXzKFAlN5m",""
"Sahiwal","bxyxm","Jamia Masjid Eid Gah Shahiwal","Control","Jamia Masjid Eid gah Sahiwal","Mulana abdul basit","1912.0","","Yes","2.0","https://maps.google.com/maps?q=30.6597964%2C73.10988&z=17&hl=en","30.6598","73.10988","","","","https://drive.google.com/open?id=1nWd92VDK_nZgK-zm-L9e8SxiYfgU7YSP","https://drive.google.com/open?id=16bgZave3L0tRg-f8iXsJ46uYdnITm0yO",""
"Sahiwal","gtjbd","Jamia Masjid Sunhari Gol Chowk Sahiwal","Women Religious Info Share","Jamia masjid sohnairy gol chakar","Mazhar farit shah","1950.0","","Yes","2.0","https://www.google.com/maps?q=30.6682914,73.1088151","30.66829","73.10882","","","","https://drive.google.com/file/d/1tLeVniv4q36jh1a7xLkvO-BkZb9Z98lt/view?usp=drive_link","https://drive.google.com/file/d/1xk8rmubHgTI8gs2poFR7SzTMj77Xg1rS/view?usp=drive_link",""
"Sahiwal","ibtrf","Jamia Masjid Chila Gha Sheer Shah Wali","Women Religious Info Share","Jamia masjid chila Gah shair shah wali","Molana zFar hussain","1990.0","Hazrat Baba Sher shah wali RA","No","2.0","https://maps.google.com/maps?q=30.650259017944336%2C73.09505462646484&z=17&hl=en","30.65026","73.09505","","","","https://drive.google.com/open?id=1f_KOZh3foyGHJ6Latr7QKUr-1vyiwNo-","https://drive.google.com/file/d/1cyNmz9UCrl5sZzTEY5wU36xYRLhnvCJK/view?usp=drive_link",""
"Sahiwal","ifvqa","Jamia Masjid Noor Almasjid Chichawatni","Control","noor ul masjid","Not Found","","","No","2.0","https://maps.google.com/maps?q=30.5315193%2C72.6888218&z=17&hl=en","30.53152","72.68882","","","","https://drive.google.com/open?id=15zQ2uJ2_IQpqefelXCiVIdTeAV_dxAsn","https://drive.google.com/open?id=1WUjQJFGBw15eDscqCGIxhCw1xh_nm8Mb",""
"Sahiwal","hhwjl","Jamia Masjid Panha Kambeer Shahiwal","Community Religious Info Share","Jamia masjid syed muhammad panah","Molana Khalil ur rehman","1975.0","Syed Muhammad Panah Ra","Yes","2.0","https://maps.google.com/maps?q=30.429981231689453%2C73.04800415039062&z=17&hl=en","30.42998","73.048","","","","https://drive.google.com/open?id=1d7rqbA_aiEFvVkQskmUeeMp3fx2BF1Ay","https://drive.google.com/open?id=1BKPuq9fb3lV1ihSNJaus1HjoaTwl5zpz","This mosque is currently under construction. Therefore, prayers are being offered in the outer courtyard, which is why pictures of the prayer hall and front view are not available"
"Shahkot","epwte","Jamia Masjid Darbar Nolakha Hazari Shahkot","Women Religious Info Share","Nolakh hazari shahkot","Not Found","1963.0","","No","2.0","https://maps.google.com/?q=31.5741166,73.4732311","31.57412","73.47323","","","","https://drive.google.com/open?id=1jjl2ej5UcSCBiHbE29IhhzxkgngKWbfj","https://drive.google.com/open?id=14eXnMZsmSob2NknbjOkhrBGLRhFqwy7u",""
"Shahkot","fjupe","Jamia Masjid Laari Adda Shahkot","Community Secular Info Share","Lari adda shahkot","m afzal","1960.0","","No","2.0","https://www.google.com/maps?q=31.5782176,73.4759467","31.57822","73.47595","","","","https://drive.google.com/open?id=1d0vODkwil6UHYC03Fg9lH47nk4BbXlSZ","https://drive.google.com/open?id=1oCHa4cRdvm0EFx9Chj1F02lSd36X-sWL",""
"Shahkot","vmmfc","Jamia Masjid Markazi Rizwi Sangala Hill","Community Secular Info Share","Jamia Masjid markzi Rizwai Sangla Hill","prof doctor syed azfar haider naqvi","1947.0","","No","2.0","https://maps.google.com/?q=31.7152984,73.3771368","31.7153","73.37714","","","","https://drive.google.com/open?id=1pwNNGJIEg2QQBeWmgMazh9WS-aFuHf5V","https://drive.google.com/open?id=17nhDYYPAHq99zJ0M5d0Y7n6Sq8hENis4",""
"Shahkot","fboor","Jamia Masjid Syed Emam Ali Shah Sangala","Women Secular Info Share","#N/A","Raza ul mustafa","","","","1.0","https://www.google.com/maps?q=31.7339755,73.3445062","31.73398","73.34451","","","","Not Found","Not Found",""
"End","End","End","End","End","End","End","End","End","End","End","End","End","","","","End","End",""
"","","","","","","","","","","","","","","","","","",""
"","","","","","","","","","","","","","","","","","",""
"","","","","","","","","","","","","","","","","","",""
"","","","","","","","","","","","","","","","","","",""
"","","","","","","","","","","","","","","","","","",""
"","","","","","","","","","","","","","","","","","",""
"","","","","","","","","","","","","","","","","","",""
"","","","","","","","","","","","","","","","","","",""
"","","","","","","","","","","","","","","","","","",""
"","","","","","","","","","","","","","","","","","",""
"","","","","","","","","","","","","","","","","","",""
"","","","","","","","","","","","","","","","","","",""
"","","","","","","","","","","","","","","","","","",""
"","","","","","","","","","","","","","","","","","",""
"","","","","","","","","","","","","","","","","","",""
"","","","","","","","","","","","","","","","","","",""
"","","","","","","","","","","","","","","","","","",""
"","","","","","","","","","","","","","","","","","",""
"","","","","","","","","","","","","","","","","","",""
"","","","","","","","","","","","","","","","","","",""
"","","","","","","","","","","","","","","","","","",""
"","","","","","","","","","","","","","","","","","",""
"","","","","","","","","","","","","","","","","","",""
"","","","","","","","","","","","","","","","","","",""
"","","","","","","","","","","","","","","","","","",""
"","","","","","","","","","","","","","","","","","",""
"","","","","","","","","","","","","","","","","","",""
"","","","","","","","","","","","","","","","","","",""
"","","","","","","","","","","","","","","","","","",""
"","","","","","","","","","","","","","","","","","",""
"","","","","","","","","","","","","","","","","","",""
"","","","","","","","","","","","","","","","","","",""
"","","","","","","","","","","","","","","","","","",""
"","","","","","","","","","","","","","","","","","",""
"","","","","","","","","","","","","","","","","","",""
"","","","","","","","","","","","","","","","","","",""
"","","","","","","","","","","","","","","","","","",""
"","","","","","","","","","","","","","","","","","",""
"","","","","","","","","","","","","","","","","","",""
"","","","","","","","","","","","","","","","","","",""
"","","","","","","","","","","","","","","","","","",""
"","","","","","","","","","","","","","","","","","",""
"","","","","","","","","","","","","","","","","","",""
"","","","","","","","","","","","","","","","","","",""
"","","","","","","","","","","","","","","","","","",""
"","","","","","","","","","","","","","","","","","",""
"","","","","","","","","","","","","","","","","","",""
"","","","","","","","","","","","","","","","","","",""
"","","","","","","","","","","","","","","","","","",""
"","","","","","","","","","","","","","","","","","",""
"","","","","","","","","","","","","","","","","","",""
"","","","","","","","","","","","","","","","","","",""
"","","","","","","","","","","","","","","","","","",""
"","","","","","","","","","","","","","","","","","",""
"","","","","","","","","","","","","","","","","","",""
"","","","","","","","","","","","","","","","","","",""
"","","","","","","","","","","","","","","","","","",""
"","","","","","","","","","","","","","","","","","",""
"","","","","","","","","","","","","","","","","","",""
"","","","","","","","","","","","","","","","","","",""
"","","","","","","","","","","","","","","","","","",""
"","","","","","","","","","","","","","","","","","",""
"","","","","","","","","","","","","","","","","","",""
"","","","","","","","","","","","","","","","","","",""
"","","","","","","","","","","","","","","","","","",""
"","","","","","","","","","","","","","","","","","",""
"","","","","","","","","","","","","","","","","","",""
"","","","","","","","","","","","","","","","","","",""
"","","","","","","","","","","","","","","","","","",""
"","","","","","","","","","","","","","","","","","",""
"","","","","","","","","","","","","","","","","","",""
"","","","","","","","","","","","","","","","","","",""
"","","","","","","","","","","","","","","","","","",""
"","","","","","","","","","","","","","","","","","",""
"","","","","","","","","","","","","","","","","","",""
"","","","","","","","","","","","","","","","","","",""
"","","","","","","","","","","","","","","","","","",""
"","","","","","","","","","","","","","","","","","",""
"","","","","","","","","","","","","","","","","","",""
"","","","","","","","","","","","","","","","","","",""
"","","","","","","","","","","","","","","","","","",""
"","","","","","","","","","","","","","","","","","",""
"","","","","","","","","","","","","","","","","","",""
"","","","","","","","","","","","","","","","","","",""
"","","","","","","","","","","","","","","","","","",""
"","","","","","","","","","","","","","","","","","",""
"","","","","","","","","","","","","","","","","","",""
"","","","","","","","","","","","","","","","","","",""
"","","","","","","","","","","","","","","","","","",""
"","","","","","","","","","","","","","","","","","",""
"","","","","","","","","","","","","","","","","","",""
"","","","","","","","","","","","","","","","","","",""
"","","","","","","","","","","","","","","","","","",""
"","","","","","","","","","","","","","","","","","",""
"","","","","","","","","","","","","","","","","","",""
"","","","","","","","","","","","","","","","","","",""
"","","","","","","","","","","","","","","","","","",""
"","","","","","","","","","","","","","","","","","",""
"","","","","","","","","","","","","","","","","","",""
"","","","","","","","","","","","","","","","","","",""
"","","","","","","","","","","","","","","","","","",""
"","","","","","","","","","","","","","","","","","",""
"","","","","","","","","","","","","","","","","","",""
"","","","","","","","","","","","","","","","","","",""
"","","","","","","","","","","","","","","","","","",""
"","","","","","","","","","","","","","","","","","",""
"","","","","","","","","","","","","","","","","","",""
"","","","","","","","","","","","","","","","","","",""
"","","","","","","","","","","","","","","","","","",""
"","","","","","","","","","","","","","","","","","",""
"","","","","","","","","","","","","","","","","","",""
"","","","","","","","","","","","","","","","","","",""
"","","","","","","","","","","","","","","","","","",""
"","","","","","","","","","","","","","","","","","",""
"","","","","","","","","","","","","","","","","","",""
"","","","","","","","","","","","","","","","","","",""
"","","","","","","","","","","","","","","","","","",""
"","","","","","","","","","","","","","","","","","",""
"","","","","","","","","","","","","","","","","","",""
"","","","","","","","","","","","","","","","","","",""
"","","","","","","","","","","","","","","","","","",""
"","","","","","","","","","","","","","","","","","",""
"","","","","","","","","","","","","","","","","","",""
"","","","","","","","","","","","","","","","","","",""
"","","","","","","","","","","","","","","","","","",""
"","","","","","","","","","","","","","","","","","",""
"","","","","","","","","","","","","","","","","","",""
"","","","","","","","","","","","","","","","","","",""
"","","","","","","","","","","","","","","","","","",""
"","","","","","","","","","","","","","","","","","",""
"","","","","","","","","","","","","","","","","","",""
"","","","","","","","","","","","","","","","","","",""
"","","","","","","","","","","","","","","","","","",""
"","","","","","","","","","","","","","","","","","",""
"","","","","","","","","","","","","","","","","","",""
"","","","","","","","","","","","","","","","","","",""
"","","","","","","","","","","","","","","","","","",""
"","","","","","","","","","","","","","","","","","",""
"","","","","","","","","","","","","","","","","","",""
"","","","","","","","","","","","","","","","","","",""
"","","","","","","","","","","","","","","","","","",""
"","","","","","","","","","","","","","","","","","",""
"","","","","","","","","","","","","","","","","","",""
"","","","","","","","","","","","","","","","","","",""
"","","","","","","","","","","","","","","","","","",""
"","","","","","","","","","","","","","","","","","",""
"","","","","","","","","","","","","","","","","","",""
"","","","","","","","","","","","","","","","","","",""
"","","","","","","","","","","","","","","","","","",""
"","","","","","","","","","","","","","","","","","",""
"","","","","","","","","","","","","","","","","","",""
"","","","","","","","","","","","","","","","","","",""
"","","","","","","","","","","","","","","","","","",""
"","","","","","","","","","","","","","","","","","",""
"","","","","","","","","","","","","","","","","","",""
"","","","","","","","","","","","","","","","","","",""
"","","","","","","","","","","","","","","","","","",""
"","","","","","","","","","","","","","","","","","",""
"","","","","","","","","","","","","","","","","","",""
"","","","","","","","","","","","","","","","","","",""
"","","","","","","","","","","","","","","","","","",""
"","","","","","","","","","","","","","","","","","",""
"","","","","","","","","","","","","","","","","","",""
"","","","","","","","","","","","","","","","","","",""
"","","","","","","","","","","","","","","","","","",""
"","","","","","","","","","","","","","","","","","",""
"","","","","","","","","","","","","","","","","","",""
"","","","","","","","","","","","","","","","","","",""
"","","","","","","","","","","","","","","","","","",""
"","","","","","","","","","","","","","","","","","",""
"","","","","","","","","","","","","","","","","","",""
"","","","","","","","","","","","","","","","","","",""
"","","","","","","","","","","","","","","","","","",""
"","","","","","","","","","","","","","","","","","",""
"","","","","","","","","","","","","","","","","","",""
"","","","","","","","","","","","","","","","","","",""
"","","","","","","","","","","","","","","","","","",""
"","","","","","","","","","","","","","","","","","",""
"","","","","","","","","","","","","","","","","","",""
"","","","","","","","","","","","","","","","","","",""
"","","","","","","","","","","","","","","","","","",""
"","","","","","","","","","","","","","","","","","",""
"","","","","","","","","","","","","","","","","","",""
"","","","","","","","","","","","","","","","","","",""
"","","","","","","","","","","","","","","","","","",""
"","","","","","","","","","","","","","","","","","",""
"","","","","","","","","","","","","","","","","","",""
"","","","","","","","","","","","","","","","","","",""
"","","","","","","","","","","","","","","","","","",""
"","","","","","","","","","","","","","","","","","",""
"","","","","","","","","","","","","","","","","","",""
"","","","","","","","","","","","","","","","","","",""
"","","","","","","","","","","","","","","","","","",""
"","","","","","","","","","","","","","","","","","",""
"","","","","","","","","","","","","","","","","","",""
"","","","","","","","","","","","","","","","","","",""
"","","","","","","","","","","","","","","","","","",""
"","","","","","","","","","","","","","","","","","",""
"","","","","","","","","","","","","","","","","","",""
"","","","","","","","","","","","","","","","","","",""
"","","","","","","","","","","","","","","","","","",""
"","","","","","","","","","","","","","","","","","",""
"","","","","","","","","","","","","","","","","","",""
"","","","","","","","","","","","","","","","","","",""
"","","","","","","","","","","","","","","","","","",""
"","","","","","","","","","","","","","","","","","",""
"","","","","","","","","","","","","","","","","","",""
"","","","","","","","","","","","","","","","","","",""
"","","","","","","","","","","","","","","","","","",""
"","","","","","","","","","","","","","","","","","",""
"","","","","","","","","","","","","","","","","","",""
"","","","","","","","","","","","","","","","","","",""
"","","","","","","","","","","","","","","","","","",""
"","","","","","","","","","","","","","","","","","",""
"","","","","","","","","","","","","","","","","","",""
"","","","","","","","","","","","","","","","","","",""
"","","","","","","","","","","","","","","","","","",""
"","","","","","","","","","","","","","","","","","",""
"","","","","","","","","","","","","","","","","","",""
"","","","","","","","","","","","","","","","","","",""
"","","","","","","","","","","","","","","","","","",""
"","","","","","","","","","","","","","","","","","",""
"","","","","","","","","","","","","","","","","","",""
"","","","","","","","","","","","","","","","","","",""
"","","","","","","","","","","","","","","","","","",""
"","","","","","","","","","","","","","","","","","",""
"","","","","","","","","","","","","","","","","","",""
"","","","","","","","","","","","","","","","","","",""
"","","","","","","","","","","","","","","","","","",""
"","","","","","","","","","","","","","","","","","",""
"","","","","","","","","","","","","","","","","","",""
"","","","","","","","","","","","","","","","","","",""
"","","","","","","","","","","","","","","","","","",""
"","","","","","","","","","","","","","","","","","",""
"","","","","","","","","","","","","","","","","","",""
"","","","","","","","","","","","","","","","","","",""
"","","","","","","","","","","","","","","","","","",""
"","","","","","","","","","","","","","","","","","",""
"","","","","","","","","","","","","","","","","","",""
"","","","","","","","","","","","","","","","","","",""
"","","","","","","","","","","","","","","","","","",""
"","","","","","","","","","","","","","","","","","",""
"","","","","","","","","","","","","","","","","","",""
"","","","","","","","","","","","","","","","","","",""
"","","","","","","","","","","","","","","","","","",""
"","","","","","","","","","","","","","","","","","",""
"","","","","","","","","","","","","","","","","","",""
"","","","","","","","","","","","","","","","","","",""
"","","","","","","","","","","","","","","","","","",""
"","","","","","","","","","","","","","","","","","",""
"","","","","","","","","","","","","","","","","","",""
"","","","","","","","","","","","","","","","","","",""
"","","","","","","","","","","","","","","","","","",""
"","","","","","","","","","","","","","","","","","",""
"","","","","","","","","","","","","","","","","","",""
"","","","","","","","","","","","","","","","","","",""
"","","","","","","","","","","","","","","","","","",""
"","","","","","","","","","","","","","","","","","",""
"","","","","","","","","","","","","","","","","","",""
"","","","","","","","","","","","","","","","","","",""
"","","","","","","","","","","","","","","","","","",""
"","","","","","","","","","","","","","","","","","",""
"","","","","","","","","","","","","","","","","","",""
"","","","","","","","","","","","","","","","","","",""
"","","","","","","","","","","","","","","","","","",""
"","","","","","","","","","","","","","","","","","",""
"","","","","","","","","","","","","","","","","","",""
"","","","","","","","","","","","","","","","","","",""
"","","","","","","","","","","","","","","","","","",""
"","","","","","","","","","","","","","","","","","",""
"","","","","","","","","","","","","","","","","","",""
"","","","","","","","","","","","","","","","","","",""
"","","","","","","","","","","","","","","","","","",""
"","","","","","","","","","","","","","","","","","",""
"","","","","","","","","","","","","","","","","","",""
"","","","","","","","","","","","","","","","","","",""
"","","","","","","","","","","","","","","","","","",""
"","","","","","","","","","","","","","","","","","",""
"","","","","","","","","","","","","","","","","","",""
"","","","","","","","","","","","","","","","","","",""
"","","","","","","","","","","","","","","","","","",""
"","","","","","","","","","","","","","","","","","",""
"","","","","","","","","","","","","","","","","","",""
"","","","","","","","","","","","","","","","","","",""
"","","","","","","","","","","","","","","","","","",""
"","","","","","","","","","","","","","","","","","",""
"","","","","","","","","","","","","","","","","","",""
"","","","","","","","","","","","","","","","","","",""
"","","","","","","","","","","","","","","","","","",""
"","","","","","","","","","","","","","","","","","",""
"","","","","","","","","","","","","","","","","","",""
"","","","","","","","","","","","","","","","","","",""
"","","","","","","","","","","","","","","","","","",""
"","","","","","","","","","","","","","","","","","",""
"","","","","","","","","","","","","","","","","","",""
"","","","","","","","","","","","","","","","","","",""
"","","","","","","","","","","","","","","","","","",""
"","","","","","","","","","","","","","","","","","",""
"","","","","","","","","","","","","","","","","","",""
"","","","","","","","","","","","","","","","","","",""
"","","","","","","","","","","","","","","","","","",""
"","","","","","","","","","","","","","","","","","",""
"","","","","","","","","","","","","","","","","","",""
"","","","","","","","","","","","","","","","","","",""
"","","","","","","","","","","","","","","","","","",""
"","","","","","","","","","","","","","","","","","",""
"","","","","","","","","","","","","","","","","","",""
"","","","","","","","","","","","","","","","","","",""
"","","","","","","","","","","","","","","","","","",""
"","","","","","","","","","","","","","","","","","",""
"","","","","","","","","","","","","","","","","","",""
"","","","","","","","","","","","","","","","","","",""
"","","","","","","","","","","","","","","","","","",""
"","","","","","","","","","","","","","","","","","",""
"","","","","","","","","","","","","","","","","","",""
"","","","","","","","","","","","","","","","","","",""
"","","","","","","","","","","","","","","","","","",""
"","","","","","","","","","","","","","","","","","",""
"","","","","","","","","","","","","","","","","","",""
"","","","","","","","","","","","","","","","","","",""
"","","","","","","","","","","","","","","","","","",""
"","","","","","","","","","","","","","","","","","",""
"","","","","","","","","","","","","","","","","","",""
"","","","","","","","","","","","","","","","","","",""
"","","","","","","","","","","","","","","","","","",""
"","","","","","","","","","","","","","","","","","",""
"","","","","","","","","","","","","","","","","","",""
"","","","","","","","","","","","","","","","","","",""
"","","","","","","","","","","","","","","","","","",""
"","","","","","","","","","","","","","","","","","",""
"","","","","","","","","","","","","","","","","","",""
"","","","","","","","","","","","","","","","","","",""
"","","","","","","","","","","","","","","","","","",""
"","","","","","","","","","","","","","","","","","",""
"","","","","","","","","","","","","","","","","","",""
"","","","","","","","","","","","","","","","","","",""
"","","","","","","","","","","","","","","","","","",""
"","","","","","","","","","","","","","","","","","",""
"","","","","","","","","","","","","","","","","","",""
"","","","","","","","","","","","","","","","","","",""
"","","","","","","","","","","","","","","","","","",""
"","","","","","","","","","","","","","","","","","",""
"","","","","","","","","","","","","","","","","","",""
"","","","","","","","","","","","","","","","","","",""
"","","","","","","","","","","","","","","","","","",""
"","","","","","","","","","","","","","","","","","",""
"","","","","","","","","","","","","","","","","","",""
"","","","","","","","","","","","","","","","","","",""
"","","","","","","","","","","","","","","","","","",""
"","","","","","","","","","","","","","","","","","",""
"","","","","","","","","","","","","","","","","","",""
"","","","","","","","","","","","","","","","","","",""
"","","","","","","","","","","","","","","","","","",""
"","","","","","","","","","","","","","","","","","",""
"","","","","","","","","","","","","","","","","","",""
"","","","","","","","","","","","","","","","","","",""
"","","","","","","","","","","","","","","","","","",""
"","","","","","","","","","","","","","","","","","",""
"","","","","","","","","","","","","","","","","","",""
"","","","","","","","","","","","","","","","","","",""
"","","","","","","","","","","","","","","","","","",""
"","","","","","","","","","","","","","","","","","",""
"","","","","","","","","","","","","","","","","","",""
"","","","","","","","","","","","","","","","","","",""
"","","","","","","","","","","","","","","","","","",""
"","","","","","","","","","","","","","","","","","",""
"","","","","","","","","","","","","","","","","","",""
"","","","","","","","","","","","","","","","","","",""
"","","","","","","","","","","","","","","","","","",""
"","","","","","","","","","","","","","","","","","",""
"","","","","","","","","","","","","","","","","","",""
"","","","","","","","","","","","","","","","","","",""
"","","","","","","","","","","","","","","","","","",""
"","","","","","","","","","","","","","","","","","",""
"","","","","","","","","","","","","","","","","","",""
"","","","","","","","","","","","","","","","","","",""
"","","","","","","","","","","","","","","","","","",""
"","","","","","","","","","","","","","","","","","",""
"","","","","","","","","","","","","","","","","","",""
"","","","","","","","","","","","","","","","","","",""
"","","","","","","","","","","","","","","","","","",""
"","","","","","","","","","","","","","","","","","",""
"","","","","","","","","","","","","","","","","","",""
"","","","","","","","","","","","","","","","","","",""
"","","","","","","","","","","","","","","","","","",""
"","","","","","","","","","","","","","","","","","",""
"","","","","","","","","","","","","","","","","","",""
"","","","","","","","","","","","","","","","","","",""
"","","","","","","","","","","","","","","","","","",""
"","","","","","","","","","","","","","","","","","",""
"","","","","","","","","","","","","","","","","","",""
"","","","","","","","","","","","","","","","","","",""
"","","","","","","","","","","","","","","","","","",""
"","","","","","","","","","","","","","","","","","",""
"","","","","","","","","","","","","","","","","","",""
"","","","","","","","","","","","","","","","","","",""
"","","","","","","","","","","","","","","","","","",""
"","","","","","","","","","","","","","","","","","",""
"","","","","","","","","","","","","","","","","","",""
"","","","","","","","","","","","","","","","","","",""
"","","","","","","","","","","","","","","","","","",""
"","","","","","","","","","","","","","","","","","",""
"","","","","","","","","","","","","","","","","","",""
"","","","","","","","","","","","","","","","","","",""
"","","","","","","","","","","","","","","","","","",""
"","","","","","","","","","","","","","","","","","",""
"","","","","","","","","","","","","","","","","","",""
"","","","","","","","","","","","","","","","","","",""
"","","","","","","","","","","","","","","","","","",""
"","","","","","","","","","","","","","","","","","",""
"","","","","","","","","","","","","","","","","","",""
"","","","","","","","","","","","","","","","","","",""
"","","","","","","","","","","","","","","","","","",""
"","","","","","","","","","","","","","","","","","",""
"","","","","","","","","","","","","","","","","","",""
"","","","","","","","","","","","","","","","","","",""
"","","","","","","","","","","","","","","","","","",""
"","","","","","","","","","","","","","","","","","",""
"","","","","","","","","","","","","","","","","","",""
"","","","","","","","","","","","","","","","","","",""
"","","","","","","","","","","","","","","","","","",""
"","","","","","","","","","","","","","","","","","",""
"","","","","","","","","","","","","","","","","","",""
"","","","","","","","","","","","","","","","","","",""
"","","","","","","","","","","","","","","","","","",""
"","","","","","","","","","","","","","","","","","",""
"","","","","","","","","","","","","","","","","","",""
"","","","","","","","","","","","","","","","","","",""
"","","","","","","","","","","","","","","","","","",""
"","","","","","","","","","","","","","","","","","",""
"","","","","","","","","","","","","","","","","","",""
"","","","","","","","","","","","","","","","","","",""
"","","","","","","","","","","","","","","","","","",""
"","","","","","","","","","","","","","","","","","",""
"","","","","","","","","","","","","","","","","","",""
"","","","","","","","","","","","","","","","","","",""
"","","","","","","","","","","","","","","","","","",""
"","","","","","","","","","","","","","","","","","",""
"","","","","","","","","","","","","","","","","","",""
"","","","","","","","","","","","","","","","","","",""
"","","","","","","","","","","","","","","","","","",""
"","","","","","","","","","","","","","","","","","",""
"","","","","","","","","","","","","","","","","","",""
"","","","","","","","","","","","","","","","","","",""
"","","","","","","","","","","","","","","","","","",""
"","","","","","","","","","","","","","","","","","",""
"","","","","","","","","","","","","","","","","","",""
"","","","","","","","","","","","","","","","","","",""
"","","","","","","","","","","","","","","","","","",""
"","","","","","","","","","","","","","","","","","",""
"","","","","","","","","","","","","","","","","","",""
"","","","","","","","","","","","","","","","","","",""
"","","","","","","","","","","","","","","","","","",""
"","","","","","","","","","","","","","","","","","",""
"","","","","","","","","","","","","","","","","","",""
"","","","","","","","","","","","","","","","","","",""
"","","","","","","","","","","","","","","","","","",""
"","","","","","","","","","","","","","","","","","",""
"","","","","","","","","","","","","","","","","","",""
"","","","","","","","","","","","","","","","","","",""
"","","","","","","","","","","","","","","","","","",""
"","","","","","","","","","","","","","","","","","",""
"","","","","","","","","","","","","","","","","","",""
"","","","","","","","","","","","","","","","","","",""
"","","","","","","","","","","","","","","","","","",""
"","","","","","","","","","","","","","","","","","",""
"","","","","","","","","","","","","","","","","","",""
"","","","","","","","","","","","","","","","","","",""
"","","","","","","","","","","","","","","","","","",""
"","","","","","","","","","","","","","","","","","",""
"","","","","","","","","","","","","","","","","","",""
"","","","","","","","","","","","","","","","","","",""
"","","","","","","","","","","","","","","","","","",""
"","","","","","","","","","","","","","","","","","",""
"","","","","","","","","","","","","","","","","","",""
"","","","","","","","","","","","","","","","","","",""
"","","","","","","","","","","","","","","","","","",""
"","","","","","","","","","","","","","","","","","",""
"","","","","","","","","","","","","","","","","","",""
"","","","","","","","","","","","","","","","","","",""
"","","","","","","","","","","","","","","","","","",""
"","","","","","","","","","","","","","","","","","",""
"","","","","","","","","","","","","","","","","","",""
"","","","","","","","","","","","","","","","","","",""
"","","","","","","","","","","","","","","","","","",""
"","","","","","","","","","","","","","","","","","",""
"","","","","","","","","","","","","","","","","","",""
"","","","","","","","","","","","","","","","","","",""
"","","","","","","","","","","","","","","","","","",""
"","","","","","","","","","","","","","","","","","",""
"","","","","","","","","","","","","","","","","","",""
"","","","","","","","","","","","","","","","","","",""
"","","","","","","","","","","","","","","","","","",""
"","","","","","","","","","","","","","","","","","",""
"","","","","","","","","","","","","","","","","","",""
"","","","","","","","","","","","","","","","","","",""
"","","","","","","","","","","","","","","","","","",""
"","","","","","","","","","","","","","","","","","",""
"","","","","","","","","","","","","","","","","","",""
"","","","","","","","","","","","","","","","","","",""
"","","","","","","","","","","","","","","","","","",""
"","","","","","","","","","","","","","","","","","",""
"","","","","","","","","","","","","","","","","","",""
"","","","","","","","","","","","","","","","","","",""
"","","","","","","","","","","","","","","","","","",""
"","","","","","","","","","","","","","","","","","",""
"","","","","","","","","","","","","","","","","","",""
"","","","","","","","","","","","","","","","","","",""
"","","","","","","","","","","","","","","","","","",""
"","","","","","","","","","","","","","","","","","",""
"","","","","","","","","","","","","","","","","","",""
"","","","","","","","","","","","","","","","","","",""
"","","","","","","","","","","","","","","","","","",""
"","","","","","","","","","","","","","","","","","",""
"","","","","","","","","","","","","","","","","","",""
"","","","","","","","","","","","","","","","","","",""
"","","","","","","","","","","","","","","","","","",""
"","","","","","","","","","","","","","","","","","",""
"","","","","","","","","","","","","","","","","","",""
"","","","","","","","","","","","","","","","","","",""
"","","","","","","","","","","","","","","","","","",""
"","","","","","","","","","","","","","","","","","",""
"","","","","","","","","","","","","","","","","","",""
"","","","","","","","","","","","","","","","","","",""
"","","","","","","","","","","","","","","","","","",""
"","","","","","","","","","","","","","","","","","",""
"","","","","","","","","","","","","","","","","","",""
"","","","","","","","","","","","","","","","","","",""
"","","","","","","","","","","","","","","","","","",""
"","","","","","","","","","","","","","","","","","",""
"","","","","","","","","","","","","","","","","","",""
"","","","","","","","","","","","","","","","","","",""
"","","","","","","","","","","","","","","","","","",""
"","","","","","","","","","","","","","","","","","",""
"","","","","","","","","","","","","","","","","","",""
"","","","","","","","","","","","","","","","","","",""
"","","","","","","","","","","","","","","","","","",""
"","","","","","","","","","","","","","","","","","",""
"","","","","","","","","","","","","","","","","","",""
"","","","","","","","","","","","","","","","","","",""
"","","","","","","","","","","","","","","","","","",""
"","","","","","","","","","","","","","","","","","",""
"","","","","","","","","","","","","","","","","","",""
"","","","","","","","","","","","","","","","","","",""
"","","","","","","","","","","","","","","","","","",""
"","","","","","","","","","","","","","","","","","",""
"","","","","","","","","","","","","","","","","","",""
"","","","","","","","","","","","","","","","","","",""
"","","","","","","","","","","","","","","","","","",""
"","","","","","","","","","","","","","","","","","",""
"","","","","","","","","","","","","","","","","","",""
"","","","","","","","","","","","","","","","","","",""
"","","","","","","","","","","","","","","","","","",""
"","","","","","","","","","","","","","","","","","",""
"","","","","","","","","","","","","","","","","","",""
"","","","","","","","","","","","","","","","","","",""
"","","","","","","","","","","","","","","","","","",""
"","","","","","","","","","","","","","","","","","",""
"","","","","","","","","","","","","","","","","","",""
"","","","","","","","","","","","","","","","","","",""
"","","","","","","","","","","","","","","","","","",""
"","","","","","","","","","","","","","","","","","",""
"","","","","","","","","","","","","","","","","","",""
"","","","","","","","","","","","","","","","","","",""
"","","","","","","","","","","","","","","","","","",""
"","","","","","","","","","","","","","","","","","",""
"","","","","","","","","","","","","","","","","","",""
"","","","","","","","","","","","","","","","","","",""
"","","","","","","","","","","","","","","","","","",""
"","","","","","","","","","","","","","","","","","",""
"","","","","","","","","","","","","","","","","","",""
"","","","","","","","","","","","","","","","","","",""
"","","","","","","","","","","","","","","","","","",""
"","","","","","","","","","","","","","","","","","",""
"","","","","","","","","","","","","","","","","","",""
"","","","","","","","","","","","","","","","","","",""
"","","","","","","","","","","","","","","","","","",""
"","","","","","","","","","","","","","","","","","",""
"","","","","","","","","","","","","","","","","","",""
"","","","","","","","","","","","","","","","","","",""
"","","","","","","","","","","","","","","","","","",""
"","","","","","","","","","","","","","","","","","",""
"","","","","","","","","","","","","","","","","","",""
"","","","","","","","","","","","","","","","","","",""
"","","","","","","","","","","","","","","","","","",""
"","","","","","","","","","","","","","","","","","",""
"","","","","","","","","","","","","","","","","","",""
"","","","","","","","","","","","","","","","","","",""
"","","","","","","","","","","","","","","","","","",""
"","","","","","","","","","","","","","","","","","",""
"","","","","","","","","","","","","","","","","","",""
"","","","","","","","","","","","","","","","","","",""
"","","","","","","","","","","","","","","","","","",""
"","","","","","","","","","","","","","","","","","",""
"","","","","","","","","","","","","","","","","","",""
"","","","","","","","","","","","","","","","","","",""
"","","","","","","","","","","","","","","","","","",""
"","","","","","","","","","","","","","","","","","",""
"","","","","","","","","","","","","","","","","","",""
"","","","","","","","","","","","","","","","","","",""
"","","","","","","","","","","","","","","","","","",""
"","","","","","","","","","","","","","","","","","",""
"","","","","","","","","","","","","","","","","","",""
"","","","","","","","","","","","","","","","","","",""
"","","","","","","","","","","","","","","","","","",""
"","","","","","","","","","","","","","","","","","",""
"","","","","","","","","","","","","","","","","","",""
"","","","","","","","","","","","","","","","","","",""
"","","","","","","","","","","","","","","","","","",""
"","","","","","","","","","","","","","","","","","",""
"","","","","","","","","","","","","","","","","","",""
"","","","","","","","","","","","","","","","","","",""
"","","","","","","","","","","","","","","","","","",""
"","","","","","","","","","","","","","","","","","",""
"","","","","","","","","","","","","","","","","","",""
"","","","","","","","","","","","","","","","","","",""
"","","","","","","","","","","","","","","","","","",""
"","","","","","","","","","","","","","","","","","",""
"","","","","","","","","","","","","","","","","","",""
"","","","","","","","","","","","","","","","","","",""
"","","","","","","","","","","","","","","","","","",""
"","","","","","","","","","","","","","","","","","",""
"","","","","","","","","","","","","","","","","","",""
"","","","","","","","","","","","","","","","","","",""
"","","","","","","","","","","","","","","","","","",""
"","","","","","","","","","","","","","","","","","",""
"","","","","","","","","","","","","","","","","","",""
"","","","","","","","","","","","","","","","","","",""
"","","","","","","","","","","","","","","","","","",""
"","","","","","","","","","","","","","","","","","",""
"","","","","","","","","","","","","","","","","","",""
"","","","","","","","","","","","","","","","","","",""
"","","","","","","","","","","","","","","","","","",""
"","","","","","","","","","","","","","","","","","",""
"","","","","","","","","","","","","","","","","","",""
"","","","","","","","","","","","","","","","","","",""
"","","","","","","","","","","","","","","","","","",""
"","","","","","","","","","","","","","","","","","",""
"","","","","","","","","","","","","","","","","","",""
"","","","","","","","","","","","","","","","","","",""
"","","","","","","","","","","","","","","","","","",""
"","","","","","","","","","","","","","","","","","",""
"","","","","","","","","","","","","","","","","","",""
"","","","","","","","","","","","","","","","","","",""
"","","","","","","","","","","","","","","","","","",""
"","","","","","","","","","","","","","","","","","",""
"","","","","","","","","","","","","","","","","","",""
"","","","","","","","","","","","","","","","","","",""
"","","","","","","","","","","","","","","","","","",""
"","","","","","","","","","","","","","","","","","",""
"","","","","","","","","","","","","","","","","","",""
"","","","","","","","","","","","","","","","","","",""
"","","","","","","","","","","","","","","","","","",""
"","","","","","","","","","","","","","","","","","",""
"","","","","","","","","","","","","","","","","","",""
"","","","","","","","","","","","","","","","","","",""
"","","","","","","","","","","","","","","","","","",""
"","","","","","","","","","","","","","","","","","",""
"","","","","","","","","","","","","","","","","","",""
"","","","","","","","","","","","","","","","","","",""
"","","","","","","","","","","","","","","","","","",""
"","","","","","","","","","","","","","","","","","",""
"","","","","","","","","","","","","","","","","","",""
"","","","","","","","","","","","","","","","","","",""
"","","","","","","","","","","","","","","","","","",""
"","","","","","","","","","","","","","","","","","",""
"","","","","","","","","","","","","","","","","","",""
"","","","","","","","","","","","","","","","","","",""
"","","","","","","","","","","","","","","","","","",""
"","","","","","","","","","","","","","","","","","",""
"","","","","","","","","","","","","","","","","","",""
"","","","","","","","","","","","","","","","","","",""
"","","","","","","","","","","","","","","","","","",""
"","","","","","","","","","","","","","","","","","",""
"","","","","","","","","","","","","","","","","","",""
"","","","","","","","","","","","","","","","","","",""
"","","","","","","","","","","","","","","","","","",""
"","","","","","","","","","","","","","","","","","",""
"","","","","","","","","","","","","","","","","","",""
